teamName,year,seed_points,results
Duke,2010,16,CHMP
Kansas,2010,16,R32
Syracuse,2010,16,S16
Kentucky,2010,16,E8
Ohio St.,2010,15,S16
Kansas St.,2010,15,E8
West Virginia,2010,15,F4
Baylor,2010,14,E8
Wisconsin,2010,13,R32
Purdue,2010,13,S16
BYU,2010,10,R32
Texas A&M,2010,12,R32
California,2010,9,R32
Butler,2010,12,F2
Maryland,2010,13,R32
Georgetown,2010,14,R64
Clemson,2010,10,R64
Villanova,2010,15,R32
Missouri,2010,7,R32
Xavier,2010,11,S16
Temple,2010,12,R64
Texas,2010,9,R64
Michigan St.,2010,12,F4
Marquette,2010,11,R64
Minnesota,2010,6,R64
Washington,2010,6,S16
Utah St.,2010,5,R64
Northern Iowa,2010,8,S16
Oklahoma St.,2010,10,R64
Georgia Tech,2010,7,R32
Florida St.,2010,8,R64
Tennessee,2010,11,E8
UNLV,2010,9,R64
Notre Dame,2010,11,R64
Pittsburgh,2010,14,R32
UTEP,2010,5,R64
Dayton,2010,0,NIT
Gonzaga,2010,9,R32
Vanderbilt,2010,13,R64
Old Dominion,2010,6,R32
Arizona St.,2010,0,NIT
Saint Mary's,2010,7,S16
Mississippi St.,2010,0,NIT
San Diego St.,2010,6,R64
Virginia Tech,2010,0,NIT
Louisville,2010,8,R64
New Mexico,2010,14,R32
Richmond,2010,10,R64
Florida,2010,7,R64
Mississippi,2010,0,NIT
Cornell,2010,5,S16
Memphis,2010,0,NIT
VCU,2010,0,NIT
Wake Forest,2010,8,R32
Illinois,2010,0,NIT
Connecticut,2010,0,NIT
St. John's,2010,0,NIT
Miami FL,2010,0,NIT
Alabama,2010,0,NIT
UAB,2010,0,NIT
USC,2010,0,NIT
Seton Hall,2010,0,NIT
Boston College,2010,0,NIT
Rhode Island,2010,0,NIT
Cincinnati,2010,0,NIT
Siena,2010,4,R64
Murray St.,2010,4,R32
Missouri St.,2010,0,NIT
Wichita St.,2010,0,NIT
Iowa St.,2010,0,NIT
North Carolina,2010,0,NIT
Texas Tech,2010,0,NIT
South Florida,2010,0,NIT
Wright St.,2010,0,NIT
Michigan,2010,0,NIT
North Carolina St.,2010,0,NIT
Colorado,2010,0,NIT
Marshall,2010,0,NIT
Georgia,2010,0,NIT
Wofford,2010,4,R64
Nevada,2010,0,NIT
Providence,2010,0,NIT
Tulsa,2010,0,NIT
Northeastern,2010,0,NIT
Northwestern,2010,0,NIT
Houston,2010,4,R64
Auburn,2010,0,NIT
South Carolina,2010,0,NIT
Virginia,2010,0,NIT
Nebraska,2010,0,NIT
Arizona,2010,0,NIT
Saint Louis,2010,0,NIT
Oklahoma,2010,0,NIT
Portland,2010,0,NIT
Pacific,2010,0,NIT
Sam Houston St.,2010,3,R64
Penn St.,2010,0,NIT
Southern Miss,2010,0,NIT
Stanford,2010,0,NIT
Illinois St.,2010,0,NIT
Kent St.,2010,0,NIT
Ohio,2010,3,R32
UCLA,2010,0,NIT
Charlotte,2010,0,NIT
Morehead St.,2010,0,NIT
IUPUI,2010,0,NIT
Creighton,2010,0,NIT
Bradley,2010,0,NIT
Arkansas,2010,0,NIT
Washington St.,2010,0,NIT
Akron,2010,0,NIT
George Washington,2010,0,NIT
Iona,2010,0,NIT
New Mexico St.,2010,5,R64
Oregon,2010,0,NIT
Southern Illinois,2010,0,NIT
Fairfield,2010,0,NIT
Hofstra,2010,0,NIT
Louisiana Tech,2010,0,NIT
Oregon St.,2010,0,NIT
William & Mary,2010,0,NIT
Milwaukee,2010,0,NIT
Utah,2010,0,NIT
Harvard,2010,0,NIT
Green Bay,2010,0,NIT
Princeton,2010,0,NIT
Montana,2010,3,R64
Boston University,2010,0,NIT
Niagara,2010,0,NIT
Belmont,2010,0,NIT
Western Kentucky,2010,0,NIT
Weber St.,2010,0,NIT
SMU,2010,0,NIT
St. Bonaventure,2010,0,NIT
UC Santa Barbara,2010,2,R64
Appalachian St.,2010,0,NIT
Detroit,2010,0,NIT
Northern Colorado,2010,0,NIT
College of Charleston,2010,0,NIT
Drake,2010,0,NIT
Duquesne,2010,0,NIT
Oakland,2010,3,R64
Western Carolina,2010,0,NIT
Indiana St.,2010,0,NIT
Long Beach St.,2010,0,NIT
Coastal Carolina,2010,0,NIT
Cleveland St.,2010,0,NIT
TCU,2010,0,NIT
Vermont,2010,1,R64
Stephen F. Austin,2010,0,NIT
Oral Roberts,2010,0,NIT
Colorado St.,2010,0,NIT
Drexel,2010,0,NIT
George Mason,2010,0,NIT
Western Michigan,2010,0,NIT
Idaho,2010,0,NIT
Rutgers,2010,0,NIT
La Salle,2010,0,NIT
DePaul,2010,0,NIT
Boise St.,2010,0,NIT
Miami OH,2010,0,NIT
Campbell,2010,0,NIT
Loyola Marymount,2010,0,NIT
Middle Tennessee,2010,0,NIT
UCF,2010,0,NIT
LSU,2010,0,NIT
East Tennessee St.,2010,1,R64
Jacksonville,2010,0,NIT
Indiana,2010,0,NIT
Saint Joseph's,2010,0,NIT
Morgan St.,2010,2,R64
Stony Brook,2010,0,NIT
Buffalo,2010,0,NIT
Saint Peter's,2010,0,NIT
Eastern Kentucky,2010,0,NIT
Denver,2010,0,NIT
Iowa,2010,0,NIT
Central Michigan,2010,0,NIT
Fresno St.,2010,0,NIT
Valparaiso,2010,0,NIT
Massachusetts,2010,0,NIT
Lehigh,2010,1,R64
North Texas,2010,2,R64
UTSA,2010,0,NIT
Troy,2010,0,NIT
San Diego,2010,0,NIT
Robert Morris,2010,2,R64
Texas A&M Corpus Chris,2010,0,NIT
Seattle,2010,0,NIT
Manhattan,2010,0,NIT
San Jose St.,2010,0,NIT
Mount St. Mary's,2010,0,NIT
Davidson,2010,0,NIT
Lipscomb,2010,0,NIT
San Francisco,2010,0,NIT
The Citadel,2010,0,NIT
Rider,2010,0,NIT
Arkansas St.,2010,0,NIT
Eastern Michigan,2010,0,NIT
Bowling Green,2010,0,NIT
Quinnipiac,2010,0,NIT
Evansville,2010,0,NIT
Canisius,2010,0,NIT
Austin Peay,2010,0,NIT
Georgia St.,2010,0,NIT
Loyola Chicago,2010,0,NIT
South Dakota St.,2010,0,NIT
Mercer,2010,0,NIT
Eastern Illinois,2010,0,NIT
Montana St.,2010,0,NIT
Southeastern Louisiana,2010,0,NIT
Tulane,2010,0,NIT
Loyola MD,2010,0,NIT
Louisiana Lafayette,2010,0,NIT
Ball St.,2010,0,NIT
Portland St.,2010,0,NIT
Texas St.,2010,0,NIT
James Madison,2010,0,NIT
Florida Atlantic,2010,0,NIT
East Carolina,2010,0,NIT
IPFW,2010,0,NIT
Cal St. Fullerton,2010,0,NIT
Rice,2010,0,NIT
UNC Wilmington,2010,0,NIT
Radford,2010,0,NIT
UC Davis,2010,0,NIT
Hampton,2010,0,NIT
Youngstown St.,2010,0,NIT
Air Force,2010,0,NIT
Maine,2010,0,NIT
Holy Cross,2010,0,NIT
Northern Arizona,2010,0,NIT
Bucknell,2010,0,NIT
Illinois Chicago,2010,0,NIT
Northern Illinois,2010,0,NIT
Wyoming,2010,0,NIT
Santa Clara,2010,0,NIT
Winthrop,2010,1,R64
UC Riverside,2010,0,NIT
Cal St. Northridge,2010,0,NIT
Hawaii,2010,0,NIT
Furman,2010,0,NIT
Lafayette,2010,0,NIT
Samford,2010,0,NIT
Towson,2010,0,NIT
Arkansas Pine Bluff,2010,1,R64
UNC Greensboro,2010,0,NIT
Chattanooga,2010,0,NIT
Tennessee Tech,2010,0,NIT
North Dakota St.,2010,0,NIT
Jackson St.,2010,0,NIT
Cal Poly,2010,0,NIT
South Alabama,2010,0,NIT
Elon,2010,0,NIT
UT Arlington,2010,0,NIT
South Dakota,2010,0,NIT
Army,2010,0,NIT
Western Illinois,2010,0,NIT
Tennessee St.,2010,0,NIT
Nicholls St.,2010,0,NIT
UC Irvine,2010,0,NIT
Yale,2010,0,NIT
Delaware,2010,0,NIT
Delaware St.,2010,0,NIT
McNeese St.,2010,0,NIT
LIU Brooklyn,2010,0,NIT
South Carolina St.,2010,0,NIT
Brown,2010,0,NIT
Eastern Washington,2010,0,NIT
New Hampshire,2010,0,NIT
North Florida,2010,0,NIT
Colgate,2010,0,NIT
Pepperdine,2010,0,NIT
Texas Southern,2010,0,NIT
Louisiana Monroe,2010,0,NIT
Kennesaw St.,2010,0,NIT
Navy,2010,0,NIT
Jacksonville St.,2010,0,NIT
American,2010,0,NIT
Binghamton,2010,0,NIT
Norfolk St.,2010,0,NIT
Arkansas Little Rock,2010,0,NIT
Lamar,2010,0,NIT
High Point,2010,0,NIT
UNC Asheville,2010,0,NIT
Northwestern St.,2010,0,NIT
USC Upstate,2010,0,NIT
Bethune Cookman,2010,0,NIT
Sacred Heart,2010,0,NIT
Georgia Southern,2010,0,NIT
Longwood,2010,0,NIT
Florida Gulf Coast,2010,0,NIT
Fordham,2010,0,NIT
Sacramento St.,2010,0,NIT
Idaho St.,2010,0,NIT
Alabama St.,2010,0,NIT
UMKC,2010,0,NIT
Columbia,2010,0,NIT
Monmouth,2010,0,NIT
Albany,2010,0,NIT
Cal St. Bakersfield,2010,0,NIT
Central Arkansas,2010,0,NIT
FIU,2010,0,NIT
Penn,2010,0,NIT
Savannah St.,2010,0,NIT
Charleston Southern,2010,0,NIT
Liberty,2010,0,NIT
Prairie View A&M,2010,0,NIT
New Orleans,2010,0,NIT
St. Francis PA,2010,0,NIT
Central Connecticut,2010,0,NIT
Hartford,2010,0,NIT
North Carolina A&T,2010,0,NIT
Southeast Missouri St.,2010,0,NIT
VMI,2010,0,NIT
Centenary,2010,0,NIT
Fairleigh Dickinson,2010,0,NIT
Maryland Eastern Shore,2010,0,NIT
St. Francis NY,2010,0,NIT
Houston Baptist,2010,0,NIT
UMBC,2010,0,NIT
Florida A&M,2010,0,NIT
Southern Utah,2010,0,NIT
Presbyterian,2010,0,NIT
Toledo,2010,0,NIT
UT Rio Grande Valley,2010,0,NIT
Coppin St.,2010,0,NIT
Mississippi Valley St.,2010,0,NIT
Tennessee Martin,2010,0,NIT
Stetson,2010,0,NIT
Winston Salem St.,2010,0,NIT
Gardner Webb,2010,0,NIT
Utah Valley,2010,0,NIT
Alabama A&M,2010,0,NIT
North Carolina Central,2010,0,NIT
NJIT,2010,0,NIT
Wagner,2010,0,NIT
Dartmouth,2010,0,NIT
SIU Edwardsville,2010,0,NIT
Marist,2010,0,NIT
Howard,2010,0,NIT
Chicago St.,2010,0,NIT
Grambling St.,2010,0,NIT
North Dakota,2010,0,NIT
Southern,2010,0,NIT
Bryant,2010,0,NIT
Alcorn St.,2010,0,NIT
Ohio St.,2011,16,S16
Kansas,2011,16,E8
Duke,2011,16,S16
Texas,2011,13,R32
Kentucky,2011,13,F4
Pittsburgh,2011,16,R32
Wisconsin,2011,13,S16
Notre Dame,2011,15,R32
Purdue,2011,14,R32
San Diego St.,2011,15,S16
North Carolina,2011,15,E8
Illinois,2011,8,R32
Connecticut,2011,14,CHMP
Syracuse,2011,14,R32
Louisville,2011,13,R64
BYU,2011,14,S16
Florida,2011,15,E8
Washington,2011,10,R32
West Virginia,2011,12,R32
Arizona,2011,12,E8
Kansas St.,2011,12,R32
Clemson,2011,5,R64
Cincinnati,2011,11,R32
Utah St.,2011,5,R64
Michigan,2011,9,R32
St. John's,2011,11,R64
UNLV,2011,9,R64
Gonzaga,2011,6,R32
Wichita St.,2011,0,NIT
Marquette,2011,6,S16
Virginia Tech,2011,0,NIT
Florida St.,2011,7,S16
Vanderbilt,2011,12,R64
Villanova,2011,8,R64
Belmont,2011,4,R64
Georgetown,2011,11,R64
Butler,2011,9,F2
Temple,2011,10,R32
Penn St.,2011,7,R64
Maryland,2011,0,NIT
George Mason,2011,9,R32
Alabama,2011,0,NIT
UCLA,2011,10,R32
Michigan St.,2011,7,R64
USC,2011,6,R64
Missouri,2011,6,R64
Saint Mary's,2011,0,NIT
Northwestern,2011,0,NIT
Xavier,2011,11,R64
Richmond,2011,5,S16
Tennessee,2011,8,R64
Washington St.,2011,0,NIT
Georgia,2011,7,R64
Old Dominion,2011,8,R64
Miami FL,2011,0,NIT
Seton Hall,2011,0,NIT
Minnesota,2011,0,NIT
New Mexico,2011,0,NIT
Texas A&M,2011,10,R64
Duquesne,2011,0,NIT
Colorado,2011,0,NIT
VCU,2011,6,F4
Boston College,2011,0,NIT
UAB,2011,5,R64
UTEP,2011,0,NIT
Oakland,2011,4,R64
College of Charleston,2011,0,NIT
California,2011,0,NIT
Cleveland St.,2011,0,NIT
Iona,2011,0,NIT
Southern Miss,2011,0,NIT
Mississippi,2011,0,NIT
Nebraska,2011,0,NIT
Oregon,2011,0,NIT
Missouri St.,2011,0,NIT
Oklahoma St.,2011,0,NIT
Virginia,2011,0,NIT
Iowa,2011,0,NIT
Colorado St.,2011,0,NIT
Baylor,2011,0,NIT
Indiana,2011,0,NIT
Rutgers,2011,0,NIT
Iowa St.,2011,0,NIT
Creighton,2011,0,NIT
Wofford,2011,3,R64
Princeton,2011,4,R64
Marshall,2011,0,NIT
Harvard,2011,0,NIT
Memphis,2011,5,R64
Arkansas,2011,0,NIT
North Carolina St.,2011,0,NIT
Portland,2011,0,NIT
Tulsa,2011,0,NIT
Boise St.,2011,0,NIT
Drexel,2011,0,NIT
Georgia Tech,2011,0,NIT
Indiana St.,2011,3,R64
Northern Iowa,2011,0,NIT
Long Beach St.,2011,0,NIT
Bucknell,2011,3,R64
Dayton,2011,0,NIT
Mississippi St.,2011,0,NIT
South Dakota St.,2011,0,NIT
Stanford,2011,0,NIT
East Tennessee St.,2011,0,NIT
Fairfield,2011,0,NIT
Valparaiso,2011,0,NIT
South Florida,2011,0,NIT
Kent St.,2011,0,NIT
Providence,2011,0,NIT
UCF,2011,0,NIT
Wright St.,2011,0,NIT
Morehead St.,2011,4,R32
Arizona St.,2011,0,NIT
Texas Tech,2011,0,NIT
Rhode Island,2011,0,NIT
Santa Clara,2011,0,NIT
Montana,2011,0,NIT
Saint Louis,2011,0,NIT
Buffalo,2011,0,NIT
Detroit,2011,0,NIT
Akron,2011,2,R64
Oral Roberts,2011,0,NIT
James Madison,2011,0,NIT
South Carolina,2011,0,NIT
LIU Brooklyn,2011,2,R64
St. Bonaventure,2011,0,NIT
Austin Peay,2011,0,NIT
Northern Colorado,2011,2,R64
Rider,2011,0,NIT
Saint Peter's,2011,3,R64
Air Force,2011,0,NIT
Ohio,2011,0,NIT
Vermont,2011,0,NIT
IUPUI,2011,0,NIT
Murray St.,2011,0,NIT
Loyola Chicago,2011,0,NIT
SMU,2011,0,NIT
Utah,2011,0,NIT
Milwaukee,2011,0,NIT
UC Santa Barbara,2011,2,R64
Idaho,2011,0,NIT
Oklahoma,2011,0,NIT
San Francisco,2011,0,NIT
Pacific,2011,0,NIT
Hawaii,2011,0,NIT
Robert Morris,2011,0,NIT
Northern Arizona,2011,0,NIT
George Washington,2011,0,NIT
Coastal Carolina,2011,0,NIT
Nevada,2011,0,NIT
Hofstra,2011,0,NIT
Rice,2011,0,NIT
Davidson,2011,0,NIT
New Mexico St.,2011,0,NIT
San Jose St.,2011,0,NIT
East Carolina,2011,0,NIT
Oregon St.,2011,0,NIT
Western Michigan,2011,0,NIT
North Dakota St.,2011,0,NIT
Central Connecticut,2011,0,NIT
Quinnipiac,2011,0,NIT
Sam Houston St.,2011,0,NIT
Green Bay,2011,0,NIT
TCU,2011,0,NIT
Western Carolina,2011,0,NIT
Furman,2011,0,NIT
Jacksonville,2011,0,NIT
La Salle,2011,0,NIT
Cal Poly,2011,0,NIT
UNC Asheville,2011,1,R64
Evansville,2011,0,NIT
Weber St.,2011,0,NIT
Ball St.,2011,0,NIT
American,2011,0,NIT
IPFW,2011,0,NIT
Massachusetts,2011,0,NIT
Boston University,2011,1,R64
Drake,2011,0,NIT
Bradley,2011,0,NIT
Northeastern,2011,0,NIT
Miami OH,2011,0,NIT
North Texas,2011,0,NIT
Lipscomb,2011,0,NIT
Fresno St.,2011,0,NIT
Southern Illinois,2011,0,NIT
Penn,2011,0,NIT
Florida Atlantic,2011,0,NIT
LSU,2011,0,NIT
Canisius,2011,0,NIT
Stephen F. Austin,2011,0,NIT
Saint Joseph's,2011,0,NIT
Delaware,2011,0,NIT
Loyola Marymount,2011,0,NIT
UTSA,2011,1,R64
Yale,2011,0,NIT
Cornell,2011,0,NIT
Columbia,2011,0,NIT
Loyola MD,2011,0,NIT
Middle Tennessee,2011,0,NIT
William & Mary,2011,0,NIT
McNeese St.,2011,0,NIT
Tulane,2011,0,NIT
Lehigh,2011,0,NIT
Denver,2011,0,NIT
DePaul,2011,0,NIT
Mercer,2011,0,NIT
Wyoming,2011,0,NIT
Siena,2011,0,NIT
Appalachian St.,2011,0,NIT
Maine,2011,0,NIT
Charlotte,2011,0,NIT
Illinois St.,2011,0,NIT
Houston,2011,0,NIT
St. Francis NY,2011,0,NIT
Western Kentucky,2011,0,NIT
Stony Brook,2011,0,NIT
UC Irvine,2011,0,NIT
UNC Wilmington,2011,0,NIT
Tennessee Tech,2011,0,NIT
Arkansas St.,2011,0,NIT
Georgia St.,2011,0,NIT
Arkansas Little Rock,2011,1,R64
Youngstown St.,2011,0,NIT
Brown,2011,0,NIT
Elon,2011,0,NIT
Louisiana Lafayette,2011,0,NIT
Tennessee St.,2011,0,NIT
Lafayette,2011,0,NIT
Cal St. Northridge,2011,0,NIT
North Florida,2011,0,NIT
Auburn,2011,0,NIT
Albany,2011,0,NIT
Hampton,2011,1,R64
VMI,2011,0,NIT
Pepperdine,2011,0,NIT
Eastern Kentucky,2011,0,NIT
Nicholls St.,2011,0,NIT
Lamar,2011,0,NIT
Holy Cross,2011,0,NIT
Bowling Green,2011,0,NIT
Wake Forest,2011,0,NIT
Wagner,2011,0,NIT
Southern Utah,2011,0,NIT
UC Davis,2011,0,NIT
Morgan St.,2011,0,NIT
Utah Valley,2011,0,NIT
Illinois Chicago,2011,0,NIT
Winthrop,2011,0,NIT
Charleston Southern,2011,0,NIT
Texas St.,2011,0,NIT
Seattle,2011,0,NIT
Eastern Washington,2011,0,NIT
Cal St. Fullerton,2011,0,NIT
Campbell,2011,0,NIT
Southeastern Louisiana,2011,0,NIT
Louisiana Tech,2011,0,NIT
Liberty,2011,0,NIT
UT Arlington,2011,0,NIT
Northwestern St.,2011,0,NIT
UMKC,2011,0,NIT
Montana St.,2011,0,NIT
Towson,2011,0,NIT
Mount St. Mary's,2011,0,NIT
Troy,2011,0,NIT
Chattanooga,2011,0,NIT
Central Michigan,2011,0,NIT
Portland St.,2011,0,NIT
UNC Greensboro,2011,0,NIT
Hartford,2011,0,NIT
FIU,2011,0,NIT
Sacred Heart,2011,0,NIT
Army,2011,0,NIT
Navy,2011,0,NIT
San Diego,2011,0,NIT
Presbyterian,2011,0,NIT
Florida Gulf Coast,2011,0,NIT
Eastern Michigan,2011,0,NIT
The Citadel,2011,0,NIT
Bethune Cookman,2011,0,NIT
UC Riverside,2011,0,NIT
Fordham,2011,0,NIT
Gardner Webb,2011,0,NIT
Monmouth,2011,0,NIT
Northern Illinois,2011,0,NIT
Coppin St.,2011,0,NIT
Savannah St.,2011,0,NIT
New Hampshire,2011,0,NIT
Jacksonville St.,2011,0,NIT
Idaho St.,2011,0,NIT
South Alabama,2011,0,NIT
Tennessee Martin,2011,0,NIT
Stetson,2011,0,NIT
South Dakota,2011,0,NIT
North Dakota,2011,0,NIT
St. Francis PA,2011,0,NIT
Norfolk St.,2011,0,NIT
Cal St. Bakersfield,2011,0,NIT
Manhattan,2011,0,NIT
Southeast Missouri St.,2011,0,NIT
Jackson St.,2011,0,NIT
Niagara,2011,0,NIT
Samford,2011,0,NIT
North Carolina A&T,2011,0,NIT
Eastern Illinois,2011,0,NIT
Longwood,2011,0,NIT
Colgate,2011,0,NIT
Texas A&M Corpus Chris,2011,0,NIT
North Carolina Central,2011,0,NIT
NJIT,2011,0,NIT
Binghamton,2011,0,NIT
Mississippi Valley St.,2011,0,NIT
Texas Southern,2011,0,NIT
Alabama St.,2011,1,R64
Delaware St.,2011,0,NIT
Bryant,2011,0,NIT
High Point,2011,0,NIT
Fairleigh Dickinson,2011,0,NIT
USC Upstate,2011,0,NIT
Dartmouth,2011,0,NIT
Kennesaw St.,2011,0,NIT
Marist,2011,0,NIT
Sacramento St.,2011,0,NIT
South Carolina St.,2011,0,NIT
Alabama A&M,2011,0,NIT
Georgia Southern,2011,0,NIT
Florida A&M,2011,0,NIT
Louisiana Monroe,2011,0,NIT
UT Rio Grande Valley,2011,0,NIT
Western Illinois,2011,0,NIT
Central Arkansas,2011,0,NIT
Grambling St.,2011,0,NIT
Maryland Eastern Shore,2011,0,NIT
Houston Baptist,2011,0,NIT
Toledo,2011,0,NIT
Radford,2011,0,NIT
Howard,2011,0,NIT
UMBC,2011,0,NIT
Prairie View A&M,2011,0,NIT
Arkansas Pine Bluff,2011,0,NIT
SIU Edwardsville,2011,0,NIT
Alcorn St.,2011,0,NIT
Centenary,2011,0,NIT
Chicago St.,2011,0,NIT
Southern,2011,0,NIT
Kentucky,2012,16,CHMP
Ohio St.,2012,15,F4
Michigan St.,2012,16,S16
Kansas,2012,15,F2
North Carolina,2012,16,E8
Syracuse,2012,16,E8
Wisconsin,2012,13,S16
Missouri,2012,15,R64
Wichita St.,2012,12,R64
Florida,2012,10,E8
Indiana,2012,13,S16
Vanderbilt,2012,12,R32
Georgetown,2012,14,R32
Memphis,2012,9,R64
Saint Louis,2012,8,R32
Louisville,2012,13,F4
Baylor,2012,14,E8
Duke,2012,15,R64
Marquette,2012,14,S16
New Mexico,2012,12,R32
Florida St.,2012,14,R32
Michigan,2012,13,R64
Cincinnati,2012,11,S16
Gonzaga,2012,10,R32
Purdue,2012,7,R32
Iowa St.,2012,9,R32
Alabama,2012,8,R64
Kansas St.,2012,9,R32
Virginia,2012,7,R64
Temple,2012,12,R64
UNLV,2012,11,R64
Stanford,2012,0,NIT
California,2012,5,R64
Belmont,2012,3,R64
North Carolina St.,2012,6,S16
Connecticut,2012,8,R64
Creighton,2012,9,R32
VCU,2012,5,R32
South Florida,2012,5,R32
St. Bonaventure,2012,3,R64
Texas,2012,6,R64
Harvard,2012,5,R64
West Virginia,2012,7,R64
La Salle,2012,0,NIT
Miami FL,2012,0,NIT
Murray St.,2012,11,R32
Drexel,2012,0,NIT
Minnesota,2012,0,NIT
Pittsburgh,2012,0,NIT
Oregon,2012,0,NIT
Long Beach St.,2012,5,R64
UCLA,2012,0,NIT
Saint Mary's,2012,10,R64
Notre Dame,2012,10,R64
Ohio,2012,4,S16
Middle Tennessee,2012,0,NIT
Xavier,2012,7,S16
Tennessee,2012,0,NIT
Saint Joseph's,2012,0,NIT
Washington,2012,0,NIT
Northwestern,2012,0,NIT
Seton Hall,2012,0,NIT
BYU,2012,3,R64
Mississippi St.,2012,0,NIT
Davidson,2012,4,R64
South Dakota St.,2012,3,R64
Colorado,2012,6,R32
Arizona,2012,0,NIT
Dayton,2012,0,NIT
Villanova,2012,0,NIT
Massachusetts,2012,0,NIT
San Diego St.,2012,11,R64
Southern Miss,2012,8,R64
Denver,2012,0,NIT
Clemson,2012,0,NIT
Iona,2012,3,R64
Wyoming,2012,0,NIT
Oregon St.,2012,0,NIT
Illinois,2012,0,NIT
Iowa,2012,0,NIT
Mississippi,2012,0,NIT
New Mexico St.,2012,4,R64
Washington St.,2012,0,NIT
Oklahoma,2012,0,NIT
Georgia St.,2012,0,NIT
Northern Iowa,2012,0,NIT
Colorado St.,2012,6,R64
LSU,2012,0,NIT
Virginia Tech,2012,0,NIT
Lehigh,2012,2,R32
Akron,2012,0,NIT
Marshall,2012,0,NIT
Missouri St.,2012,0,NIT
Cleveland St.,2012,0,NIT
Illinois St.,2012,0,NIT
Richmond,2012,0,NIT
Mercer,2012,0,NIT
UCF,2012,0,NIT
Georgia,2012,0,NIT
Tulsa,2012,0,NIT
Old Dominion,2012,0,NIT
Oklahoma St.,2012,0,NIT
Maryland,2012,0,NIT
Bucknell,2012,0,NIT
Wagner,2012,0,NIT
Oral Roberts,2012,0,NIT
Princeton,2012,0,NIT
Buffalo,2012,0,NIT
Fairfield,2012,0,NIT
Montana,2012,4,R64
Butler,2012,0,NIT
UC Santa Barbara,2012,0,NIT
Nevada,2012,0,NIT
Texas A&M,2012,0,NIT
Duquesne,2012,0,NIT
George Mason,2012,0,NIT
Valparaiso,2012,0,NIT
Providence,2012,0,NIT
Evansville,2012,0,NIT
Arkansas,2012,0,NIT
Detroit,2012,2,R64
Rutgers,2012,0,NIT
Utah St.,2012,0,NIT
Auburn,2012,0,NIT
Weber St.,2012,0,NIT
Milwaukee,2012,0,NIT
UT Arlington,2012,0,NIT
UNC Asheville,2012,1,R64
Penn St.,2012,0,NIT
Kent St.,2012,0,NIT
East Tennessee St.,2012,0,NIT
Penn,2012,0,NIT
Bowling Green,2012,0,NIT
Indiana St.,2012,0,NIT
Lamar,2012,1,R64
DePaul,2012,0,NIT
Vermont,2012,1,R64
Loyola MD,2012,2,R64
St. John's,2012,0,NIT
UAB,2012,0,NIT
Robert Morris,2012,0,NIT
East Carolina,2012,0,NIT
USC Upstate,2012,0,NIT
Drake,2012,0,NIT
Charlotte,2012,0,NIT
Manhattan,2012,0,NIT
Loyola Marymount,2012,0,NIT
Oakland,2012,0,NIT
UTEP,2012,0,NIT
Nebraska,2012,0,NIT
College of Charleston,2012,0,NIT
Rice,2012,0,NIT
Boise St.,2012,0,NIT
TCU,2012,0,NIT
American,2012,0,NIT
San Francisco,2012,0,NIT
Quinnipiac,2012,0,NIT
South Carolina,2012,0,NIT
Stephen F. Austin,2012,0,NIT
LIU Brooklyn,2012,1,R64
Delaware,2012,0,NIT
Stony Brook,2012,0,NIT
Youngstown St.,2012,0,NIT
Savannah St.,2012,0,NIT
Idaho,2012,0,NIT
Georgia Tech,2012,0,NIT
North Dakota St.,2012,0,NIT
Houston,2012,0,NIT
Yale,2012,0,NIT
Cal Poly,2012,0,NIT
Arkansas Little Rock,2012,0,NIT
Western Michigan,2012,0,NIT
North Texas,2012,0,NIT
Cal St. Fullerton,2012,0,NIT
Miami OH,2012,0,NIT
Western Illinois,2012,0,NIT
George Washington,2012,0,NIT
Toledo,2012,0,NIT
Wake Forest,2012,0,NIT
Green Bay,2012,0,NIT
UTSA,2012,0,NIT
Louisiana Tech,2012,0,NIT
Norfolk St.,2012,2,R32
Fresno St.,2012,0,NIT
Tulane,2012,0,NIT
Air Force,2012,0,NIT
Columbia,2012,0,NIT
North Florida,2012,0,NIT
Western Kentucky,2012,1,R64
Tennessee St.,2012,0,NIT
Northeastern,2012,0,NIT
San Diego,2012,0,NIT
IUPUI,2012,0,NIT
Florida Atlantic,2012,0,NIT
St. Francis NY,2012,0,NIT
Coastal Carolina,2012,0,NIT
Ball St.,2012,0,NIT
Boston University,2012,0,NIT
Charleston Southern,2012,0,NIT
Louisiana Lafayette,2012,0,NIT
Florida Gulf Coast,2012,0,NIT
SMU,2012,0,NIT
Rhode Island,2012,0,NIT
Wofford,2012,0,NIT
Tennessee Tech,2012,0,NIT
Albany,2012,0,NIT
Arkansas St.,2012,0,NIT
Portland St.,2012,0,NIT
Seattle,2012,0,NIT
Jacksonville St.,2012,0,NIT
Hofstra,2012,0,NIT
Central Connecticut,2012,0,NIT
Holy Cross,2012,0,NIT
Southern Illinois,2012,0,NIT
Cornell,2012,0,NIT
Hawaii,2012,0,NIT
Lipscomb,2012,0,NIT
Eastern Washington,2012,0,NIT
Rider,2012,0,NIT
South Alabama,2012,0,NIT
Boston College,2012,0,NIT
Arizona St.,2012,0,NIT
Cal St. Bakersfield,2012,0,NIT
Wright St.,2012,0,NIT
Texas Tech,2012,0,NIT
North Carolina Central,2012,0,NIT
UNC Wilmington,2012,0,NIT
Morehead St.,2012,0,NIT
Furman,2012,0,NIT
Stetson,2012,0,NIT
Western Carolina,2012,0,NIT
Sacred Heart,2012,0,NIT
Northwestern St.,2012,0,NIT
James Madison,2012,0,NIT
USC,2012,0,NIT
Southeast Missouri St.,2012,0,NIT
Siena,2012,0,NIT
High Point,2012,0,NIT
McNeese St.,2012,0,NIT
FIU,2012,0,NIT
Southern Utah,2012,0,NIT
Austin Peay,2012,0,NIT
Jacksonville,2012,0,NIT
Utah Valley,2012,0,NIT
Lafayette,2012,0,NIT
Elon,2012,0,NIT
Morgan St.,2012,0,NIT
Campbell,2012,0,NIT
Marist,2012,0,NIT
Presbyterian,2012,0,NIT
North Dakota,2012,0,NIT
Niagara,2012,0,NIT
Santa Clara,2012,0,NIT
Northern Colorado,2012,0,NIT
Delaware St.,2012,0,NIT
Appalachian St.,2012,0,NIT
Winthrop,2012,0,NIT
IPFW,2012,0,NIT
Fordham,2012,0,NIT
Troy,2012,0,NIT
Gardner Webb,2012,0,NIT
Bethune Cookman,2012,0,NIT
Bradley,2012,0,NIT
VMI,2012,0,NIT
Pacific,2012,0,NIT
UC Irvine,2012,0,NIT
Georgia Southern,2012,0,NIT
Texas St.,2012,0,NIT
Samford,2012,0,NIT
UNC Greensboro,2012,0,NIT
Central Michigan,2012,0,NIT
Portland,2012,0,NIT
Eastern Michigan,2012,0,NIT
Mississippi Valley St.,2012,1,R64
Liberty,2012,0,NIT
UMKC,2012,0,NIT
Chattanooga,2012,0,NIT
South Dakota,2012,0,NIT
UC Riverside,2012,0,NIT
Hampton,2012,0,NIT
Eastern Kentucky,2012,0,NIT
NJIT,2012,0,NIT
Maine,2012,0,NIT
San Jose St.,2012,0,NIT
New Hampshire,2012,0,NIT
Coppin St.,2012,0,NIT
Sacramento St.,2012,0,NIT
Loyola Chicago,2012,0,NIT
Sam Houston St.,2012,0,NIT
Monmouth,2012,0,NIT
Pepperdine,2012,0,NIT
Illinois Chicago,2012,0,NIT
North Carolina A&T,2012,0,NIT
William & Mary,2012,0,NIT
Utah,2012,0,NIT
Montana St.,2012,0,NIT
Mount St. Mary's,2012,0,NIT
Dartmouth,2012,0,NIT
Army,2012,0,NIT
Idaho St.,2012,0,NIT
Texas Southern,2012,0,NIT
Southeastern Louisiana,2012,0,NIT
Cal St. Northridge,2012,0,NIT
Hartford,2012,0,NIT
Eastern Illinois,2012,0,NIT
Radford,2012,0,NIT
St. Francis PA,2012,0,NIT
SIU Edwardsville,2012,0,NIT
Brown,2012,0,NIT
Howard,2012,0,NIT
Kennesaw St.,2012,0,NIT
Colgate,2012,0,NIT
Canisius,2012,0,NIT
UT Rio Grande Valley,2012,0,NIT
Saint Peter's,2012,0,NIT
Northern Illinois,2012,0,NIT
Houston Baptist,2012,0,NIT
Louisiana Monroe,2012,0,NIT
The Citadel,2012,0,NIT
Texas A&M Corpus Chris,2012,0,NIT
Florida A&M,2012,0,NIT
UC Davis,2012,0,NIT
Southern,2012,0,NIT
Nicholls St.,2012,0,NIT
Central Arkansas,2012,0,NIT
Navy,2012,0,NIT
Nebraska Omaha,2012,0,NIT
Alabama St.,2012,0,NIT
Arkansas Pine Bluff,2012,0,NIT
Chicago St.,2012,0,NIT
Tennessee Martin,2012,0,NIT
Bryant,2012,0,NIT
Alcorn St.,2012,0,NIT
Prairie View A&M,2012,0,NIT
Towson,2012,0,NIT
Maryland Eastern Shore,2012,0,NIT
Fairleigh Dickinson,2012,0,NIT
UMBC,2012,0,NIT
Northern Arizona,2012,0,NIT
Longwood,2012,0,NIT
Alabama A&M,2012,0,NIT
South Carolina St.,2012,0,NIT
Jackson St.,2012,0,NIT
Binghamton,2012,0,NIT
Grambling St.,2012,0,NIT
Louisville,2013,16,CHMP
Florida,2013,14,E8
Indiana,2013,16,S16
Gonzaga,2013,16,R32
Syracuse,2013,13,F4
Michigan,2013,13,F2
Kansas,2013,16,S16
Duke,2013,15,E8
Ohio St.,2013,15,E8
Wisconsin,2013,12,R64
Michigan St.,2013,14,S16
Georgetown,2013,15,R64
Arizona,2013,11,S16
Pittsburgh,2013,9,R64
Miami FL,2013,15,S16
VCU,2013,12,R32
Saint Louis,2013,13,R32
Creighton,2013,10,R32
Minnesota,2013,6,R32
Wichita St.,2013,8,F4
Marquette,2013,14,E8
Oklahoma St.,2013,12,R64
Iowa,2013,0,NIT
Saint Mary's,2013,6,R64
North Carolina,2013,9,R32
Kansas St.,2013,13,R64
Iowa St.,2013,7,R32
Missouri,2013,8,R64
Virginia,2013,0,NIT
Colorado St.,2013,9,R32
San Diego St.,2013,10,R32
Illinois,2013,10,R32
UNLV,2013,12,R64
Notre Dame,2013,10,R64
Cincinnati,2013,7,R64
Oregon,2013,5,S16
Baylor,2013,0,NIT
Memphis,2013,11,R32
North Carolina St.,2013,9,R64
New Mexico,2013,14,R64
Butler,2013,11,R32
La Salle,2013,4,S16
Colorado,2013,7,R64
Villanova,2013,8,R64
UCLA,2013,11,R64
Stanford,2013,0,NIT
Connecticut,2013,0,NIT
Middle Tennessee,2013,6,R64
Oklahoma,2013,7,R64
Mississippi,2013,5,R32
Denver,2013,0,NIT
Boise St.,2013,4,R64
Maryland,2013,0,NIT
Alabama,2013,0,NIT
Temple,2013,8,R32
California,2013,5,R32
BYU,2013,0,NIT
Kentucky,2013,0,NIT
Southern Miss,2013,0,NIT
Belmont,2013,6,R64
Purdue,2013,0,NIT
Davidson,2013,3,R64
Illinois St.,2013,0,NIT
Dayton,2013,0,NIT
Bucknell,2013,6,R64
Providence,2013,0,NIT
Tennessee,2013,0,NIT
Stony Brook,2013,0,NIT
Arizona St.,2013,0,NIT
Xavier,2013,0,NIT
Saint Joseph's,2013,0,NIT
Santa Clara,2013,0,NIT
Arkansas,2013,0,NIT
Washington,2013,0,NIT
Stephen F. Austin,2013,0,NIT
Richmond,2013,0,NIT
Valparaiso,2013,3,R64
Ohio,2013,0,NIT
Weber St.,2013,0,NIT
Northern Iowa,2013,0,NIT
Rutgers,2013,0,NIT
Massachusetts,2013,0,NIT
Akron,2013,5,R64
Georgia Tech,2013,0,NIT
Oregon St.,2013,0,NIT
Evansville,2013,0,NIT
St. John's,2013,0,NIT
North Dakota St.,2013,0,NIT
Detroit,2013,0,NIT
LSU,2013,0,NIT
Vanderbilt,2013,0,NIT
Washington St.,2013,0,NIT
Princeton,2013,0,NIT
Texas,2013,0,NIT
New Mexico St.,2013,4,R64
Iona,2013,2,R64
Florida Gulf Coast,2013,2,S16
USC,2013,0,NIT
Utah,2013,0,NIT
Seton Hall,2013,0,NIT
Georgia,2013,0,NIT
Louisiana Tech,2013,0,NIT
Boston College,2013,0,NIT
Texas A&M,2013,0,NIT
George Washington,2013,0,NIT
Lehigh,2013,0,NIT
Indiana St.,2013,0,NIT
Fresno St.,2013,0,NIT
South Dakota St.,2013,4,R64
Clemson,2013,0,NIT
UTEP,2013,0,NIT
Air Force,2013,0,NIT
Nebraska,2013,0,NIT
St. Bonaventure,2013,0,NIT
Northwestern,2013,0,NIT
Wright St.,2013,0,NIT
Harvard,2013,3,R32
Florida St.,2013,0,NIT
Canisius,2013,0,NIT
Drake,2013,0,NIT
Eastern Kentucky,2013,0,NIT
Kent St.,2013,0,NIT
East Carolina,2013,0,NIT
West Virginia,2013,0,NIT
George Mason,2013,0,NIT
Wyoming,2013,0,NIT
UCF,2013,0,NIT
Charlotte,2013,0,NIT
Loyola MD,2013,0,NIT
Robert Morris,2013,0,NIT
Penn St.,2013,0,NIT
Mercer,2013,0,NIT
Utah St.,2013,0,NIT
Pacific,2013,2,R64
Wake Forest,2013,0,NIT
South Florida,2013,0,NIT
San Francisco,2013,0,NIT
Green Bay,2013,0,NIT
College of Charleston,2013,0,NIT
Vermont,2013,0,NIT
Niagara,2013,0,NIT
Northwestern St.,2013,3,R64
Albany,2013,2,R64
DePaul,2013,0,NIT
Oral Roberts,2013,0,NIT
UAB,2013,0,NIT
Boston University,2013,0,NIT
Tulane,2013,0,NIT
Virginia Tech,2013,0,NIT
SMU,2013,0,NIT
Manhattan,2013,0,NIT
Arkansas St.,2013,0,NIT
Murray St.,2013,0,NIT
Bradley,2013,0,NIT
UC Irvine,2013,0,NIT
Army,2013,0,NIT
Fairfield,2013,0,NIT
Rhode Island,2013,0,NIT
Towson,2013,0,NIT
Houston,2013,0,NIT
UT Arlington,2013,0,NIT
Drexel,2013,0,NIT
Western Michigan,2013,0,NIT
Delaware,2013,0,NIT
North Carolina Central,2013,0,NIT
Montana,2013,4,R64
Youngstown St.,2013,0,NIT
Western Kentucky,2013,1,R64
Bryant,2013,0,NIT
Charleston Southern,2013,0,NIT
Southern Illinois,2013,0,NIT
San Diego,2013,0,NIT
Rider,2013,0,NIT
Loyola Chicago,2013,0,NIT
Lafayette,2013,0,NIT
Buffalo,2013,0,NIT
Southern,2013,1,R64
Texas Southern,2013,0,NIT
James Madison,2013,1,R64
Georgia St.,2013,0,NIT
Nevada,2013,0,NIT
Cal Poly,2013,0,NIT
Toledo,2013,0,NIT
Long Beach St.,2013,0,NIT
Western Illinois,2013,0,NIT
Tulsa,2013,0,NIT
Tennessee St.,2013,0,NIT
Yale,2013,0,NIT
Quinnipiac,2013,0,NIT
William & Mary,2013,0,NIT
Northeastern,2013,0,NIT
Auburn,2013,0,NIT
Illinois Chicago,2013,0,NIT
Missouri St.,2013,0,NIT
Wagner,2013,0,NIT
LIU Brooklyn,2013,1,R64
South Carolina,2013,0,NIT
FIU,2013,0,NIT
Idaho,2013,0,NIT
Oakland,2013,0,NIT
USC Upstate,2013,0,NIT
UC Davis,2013,0,NIT
Bowling Green,2013,0,NIT
Columbia,2013,0,NIT
Gardner Webb,2013,0,NIT
Southeast Missouri St.,2013,0,NIT
Norfolk St.,2013,0,NIT
Hawaii,2013,0,NIT
Mount St. Mary's,2013,0,NIT
Elon,2013,0,NIT
Morgan St.,2013,0,NIT
Jacksonville St.,2013,0,NIT
Loyola Marymount,2013,0,NIT
South Alabama,2013,0,NIT
Marshall,2013,0,NIT
Cal St. Fullerton,2013,0,NIT
Pepperdine,2013,0,NIT
Texas Tech,2013,0,NIT
Eastern Michigan,2013,0,NIT
Seattle,2013,0,NIT
St. Francis NY,2013,0,NIT
UNC Asheville,2013,0,NIT
Savannah St.,2013,0,NIT
Stetson,2013,0,NIT
North Carolina A&T,2013,1,R64
Duquesne,2013,0,NIT
Brown,2013,0,NIT
IPFW,2013,0,NIT
High Point,2013,0,NIT
Hartford,2013,0,NIT
Cal St. Northridge,2013,0,NIT
Coastal Carolina,2013,0,NIT
Holy Cross,2013,0,NIT
Sam Houston St.,2013,0,NIT
Miami OH,2013,0,NIT
Marist,2013,0,NIT
Florida Atlantic,2013,0,NIT
UC Santa Barbara,2013,0,NIT
Morehead St.,2013,0,NIT
Louisiana Lafayette,2013,0,NIT
Ball St.,2013,0,NIT
Fordham,2013,0,NIT
Central Michigan,2013,0,NIT
North Texas,2013,0,NIT
Penn,2013,0,NIT
North Florida,2013,0,NIT
Northern Colorado,2013,0,NIT
Northern Kentucky,2013,0,NIT
Western Carolina,2013,0,NIT
TCU,2013,0,NIT
Cal St. Bakersfield,2013,0,NIT
Arkansas Little Rock,2013,0,NIT
Maine,2013,0,NIT
Portland,2013,0,NIT
Central Connecticut,2013,0,NIT
Appalachian St.,2013,0,NIT
Cornell,2013,0,NIT
Texas St.,2013,0,NIT
North Dakota,2013,0,NIT
Old Dominion,2013,0,NIT
Colgate,2013,0,NIT
Mississippi St.,2013,0,NIT
Liberty,2013,1,R64
NJIT,2013,0,NIT
Wofford,2013,0,NIT
Cleveland St.,2013,0,NIT
UTSA,2013,0,NIT
Winthrop,2013,0,NIT
Arkansas Pine Bluff,2013,0,NIT
New Hampshire,2013,0,NIT
Troy,2013,0,NIT
South Dakota,2013,0,NIT
Dartmouth,2013,0,NIT
UNC Greensboro,2013,0,NIT
Tennessee Tech,2013,0,NIT
UNC Wilmington,2013,0,NIT
American,2013,0,NIT
Saint Peter's,2013,0,NIT
Eastern Illinois,2013,0,NIT
VMI,2013,0,NIT
Eastern Washington,2013,0,NIT
Hampton,2013,0,NIT
Lipscomb,2013,0,NIT
Bethune Cookman,2013,0,NIT
Samford,2013,0,NIT
Sacred Heart,2013,0,NIT
Sacramento St.,2013,0,NIT
Southeastern Louisiana,2013,0,NIT
Georgia Southern,2013,0,NIT
Siena,2013,0,NIT
Chicago St.,2013,0,NIT
Radford,2013,0,NIT
Nicholls St.,2013,0,NIT
Northern Arizona,2013,0,NIT
Jacksonville,2013,0,NIT
UMBC,2013,0,NIT
Hofstra,2013,0,NIT
Milwaukee,2013,0,NIT
Austin Peay,2013,0,NIT
Jackson St.,2013,0,NIT
Monmouth,2013,0,NIT
Campbell,2013,0,NIT
Montana St.,2013,0,NIT
Utah Valley,2013,0,NIT
Chattanooga,2013,0,NIT
Southern Utah,2013,0,NIT
Central Arkansas,2013,0,NIT
Delaware St.,2013,0,NIT
Coppin St.,2013,0,NIT
Texas A&M Corpus Chris,2013,0,NIT
McNeese St.,2013,0,NIT
UMKC,2013,0,NIT
San Jose St.,2013,0,NIT
UC Riverside,2013,0,NIT
Rice,2013,0,NIT
Portland St.,2013,0,NIT
Navy,2013,0,NIT
UT Rio Grande Valley,2013,0,NIT
SIU Edwardsville,2013,0,NIT
East Tennessee St.,2013,0,NIT
Idaho St.,2013,0,NIT
Alcorn St.,2013,0,NIT
Nebraska Omaha,2013,0,NIT
Prairie View A&M,2013,0,NIT
Houston Baptist,2013,0,NIT
Florida A&M,2013,0,NIT
Louisiana Monroe,2013,0,NIT
St. Francis PA,2013,0,NIT
Northern Illinois,2013,0,NIT
Alabama St.,2013,0,NIT
IUPUI,2013,0,NIT
Kennesaw St.,2013,0,NIT
Longwood,2013,0,NIT
Fairleigh Dickinson,2013,0,NIT
The Citadel,2013,0,NIT
Tennessee Martin,2013,0,NIT
South Carolina St.,2013,0,NIT
Howard,2013,0,NIT
Alabama A&M,2013,0,NIT
Presbyterian,2013,0,NIT
Mississippi Valley St.,2013,0,NIT
Furman,2013,0,NIT
Binghamton,2013,0,NIT
New Orleans,2013,0,NIT
Maryland Eastern Shore,2013,0,NIT
Lamar,2013,0,NIT
Grambling St.,2013,0,NIT
Louisville,2014,13,S16
Arizona,2014,16,E8
Florida,2014,16,F4
Virginia,2014,16,S16
Wisconsin,2014,15,F4
Duke,2014,14,R64
Tennessee,2014,6,S16
Michigan St.,2014,13,E8
Michigan,2014,15,E8
Wichita St.,2014,16,R32
Kansas,2014,15,R32
Pittsburgh,2014,8,R32
Villanova,2014,15,R32
Connecticut,2014,10,CHMP
UCLA,2014,13,S16
Syracuse,2014,14,R32
Creighton,2014,14,R32
Ohio St.,2014,11,R64
Iowa,2014,6,R64
Oklahoma St.,2014,8,R64
Gonzaga,2014,9,R32
Kentucky,2014,9,F2
San Diego St.,2014,13,S16
VCU,2014,12,R64
Iowa St.,2014,14,S16
Baylor,2014,11,S16
North Carolina,2014,11,R32
Oklahoma,2014,12,R64
Cincinnati,2014,12,R64
Oregon,2014,10,R32
New Mexico,2014,10,R64
SMU,2014,0,NIT
Harvard,2014,5,R32
Saint Joseph's,2014,7,R64
Texas,2014,10,R32
Minnesota,2014,0,NIT
Memphis,2014,9,R32
Saint Louis,2014,12,R32
Kansas St.,2014,8,R64
Stanford,2014,7,S16
Louisiana Tech,2014,0,NIT
Arkansas,2014,0,NIT
Florida St.,2014,0,NIT
Utah,2014,0,NIT
Arizona St.,2014,7,R64
Providence,2014,6,R64
Indiana,2014,0,NIT
Maryland,2014,0,NIT
Georgetown,2014,0,NIT
Dayton,2014,6,E8
Nebraska,2014,6,R64
George Washington,2014,8,R64
Clemson,2014,0,NIT
St. John's,2014,0,NIT
BYU,2014,7,R64
North Carolina St.,2014,5,R64
Illinois,2014,0,NIT
West Virginia,2014,0,NIT
LSU,2014,0,NIT
Xavier,2014,5,R64
Massachusetts,2014,11,R64
Marquette,2014,0,NIT
Saint Mary's,2014,0,NIT
Miami FL,2014,0,NIT
Colorado,2014,9,R64
California,2014,0,NIT
Missouri,2014,0,NIT
North Dakota St.,2014,5,R32
Alabama,2014,0,NIT
Boise St.,2014,0,NIT
Tulsa,2014,4,R64
Stephen F. Austin,2014,5,R32
Manhattan,2014,4,R64
UNLV,2014,0,NIT
St. Bonaventure,2014,0,NIT
Penn St.,2014,0,NIT
Middle Tennessee,2014,0,NIT
Iona,2014,0,NIT
New Mexico St.,2014,4,R64
Georgia St.,2014,0,NIT
Northern Iowa,2014,0,NIT
Seton Hall,2014,0,NIT
Mississippi,2014,0,NIT
Georgia,2014,0,NIT
Southern Miss,2014,0,NIT
Purdue,2014,0,NIT
Green Bay,2014,0,NIT
Texas Tech,2014,0,NIT
Notre Dame,2014,0,NIT
San Francisco,2014,0,NIT
Georgia Tech,2014,0,NIT
Butler,2014,0,NIT
North Carolina Central,2014,3,R64
Mercer,2014,3,R32
Oregon St.,2014,0,NIT
Belmont,2014,0,NIT
Richmond,2014,0,NIT
UTEP,2014,0,NIT
Princeton,2014,0,NIT
UC Irvine,2014,0,NIT
Vermont,2014,0,NIT
Cleveland St.,2014,0,NIT
Texas A&M,2014,0,NIT
Washington,2014,0,NIT
La Salle,2014,0,NIT
Fresno St.,2014,0,NIT
Auburn,2014,0,NIT
UC Santa Barbara,2014,0,NIT
Buffalo,2014,0,NIT
Vanderbilt,2014,0,NIT
Louisiana Lafayette,2014,3,R64
Portland,2014,0,NIT
Boston University,2014,0,NIT
Davidson,2014,0,NIT
Wake Forest,2014,0,NIT
South Carolina,2014,0,NIT
Rhode Island,2014,0,NIT
Wyoming,2014,0,NIT
Indiana St.,2014,0,NIT
Delaware,2014,4,R64
Northwestern,2014,0,NIT
Boston College,2014,0,NIT
American,2014,2,R64
Eastern Kentucky,2014,2,R64
Utah St.,2014,0,NIT
San Diego,2014,0,NIT
Toledo,2014,0,NIT
George Mason,2014,0,NIT
Eastern Michigan,2014,0,NIT
Murray St.,2014,0,NIT
Columbia,2014,0,NIT
Akron,2014,0,NIT
Ohio,2014,0,NIT
Houston,2014,0,NIT
Canisius,2014,0,NIT
Drexel,2014,0,NIT
Colorado St.,2014,0,NIT
Wright St.,2014,0,NIT
Hawaii,2014,0,NIT
Western Michigan,2014,3,R64
IPFW,2014,0,NIT
Nevada,2014,0,NIT
Holy Cross,2014,0,NIT
South Dakota St.,2014,0,NIT
Duquesne,2014,0,NIT
Illinois St.,2014,0,NIT
Southern Illinois,2014,0,NIT
Bucknell,2014,0,NIT
Pacific,2014,0,NIT
Towson,2014,0,NIT
Arkansas St.,2014,0,NIT
USC,2014,0,NIT
Denver,2014,0,NIT
Temple,2014,0,NIT
Virginia Tech,2014,0,NIT
Long Beach St.,2014,0,NIT
Santa Clara,2014,0,NIT
Siena,2014,0,NIT
Missouri St.,2014,0,NIT
UAB,2014,0,NIT
UCF,2014,0,NIT
William & Mary,2014,0,NIT
Milwaukee,2014,2,R64
Quinnipiac,2014,0,NIT
Pepperdine,2014,0,NIT
Colgate,2014,0,NIT
Yale,2014,0,NIT
Brown,2014,0,NIT
Old Dominion,2014,0,NIT
Albany,2014,1,R64
Charlotte,2014,0,NIT
USC Upstate,2014,0,NIT
Stony Brook,2014,0,NIT
Weber St.,2014,1,R64
Western Kentucky,2014,0,NIT
College of Charleston,2014,0,NIT
Valparaiso,2014,0,NIT
Nebraska Omaha,2014,0,NIT
DePaul,2014,0,NIT
Robert Morris,2014,0,NIT
Loyola Marymount,2014,0,NIT
Oral Roberts,2014,0,NIT
Youngstown St.,2014,0,NIT
Rutgers,2014,0,NIT
Washington St.,2014,0,NIT
Drake,2014,0,NIT
Florida Gulf Coast,2014,0,NIT
Oakland,2014,0,NIT
Mississippi St.,2014,0,NIT
Evansville,2014,0,NIT
Sam Houston St.,2014,0,NIT
Elon,2014,0,NIT
Cal Poly,2014,1,R64
Southern,2014,0,NIT
Northwestern St.,2014,0,NIT
Morehead St.,2014,0,NIT
Wofford,2014,2,R64
VMI,2014,0,NIT
Fordham,2014,0,NIT
Detroit,2014,0,NIT
Wagner,2014,0,NIT
Kent St.,2014,0,NIT
South Florida,2014,0,NIT
St. Francis NY,2014,0,NIT
TCU,2014,0,NIT
Bradley,2014,0,NIT
Miami OH,2014,0,NIT
Northern Illinois,2014,0,NIT
Bryant,2014,0,NIT
Mount St. Mary's,2014,1,R64
East Carolina,2014,0,NIT
Coastal Carolina,2014,1,R64
UNC Asheville,2014,0,NIT
Northeastern,2014,0,NIT
Charleston Southern,2014,0,NIT
Eastern Washington,2014,0,NIT
South Alabama,2014,0,NIT
Montana,2014,0,NIT
UT Arlington,2014,0,NIT
Utah Valley,2014,0,NIT
Army,2014,0,NIT
North Texas,2014,0,NIT
Marshall,2014,0,NIT
Gardner Webb,2014,0,NIT
Marist,2014,0,NIT
Loyola Chicago,2014,0,NIT
High Point,2014,0,NIT
Southeast Missouri St.,2014,0,NIT
Arkansas Little Rock,2014,0,NIT
Morgan St.,2014,0,NIT
Rider,2014,0,NIT
Bowling Green,2014,0,NIT
Winthrop,2014,0,NIT
Florida Atlantic,2014,0,NIT
Hampton,2014,0,NIT
FIU,2014,0,NIT
Cal St. Bakersfield,2014,0,NIT
Lafayette,2014,0,NIT
Air Force,2014,0,NIT
Radford,2014,0,NIT
Sacramento St.,2014,0,NIT
Texas A&M Corpus Chris,2014,0,NIT
Cal St. Northridge,2014,0,NIT
Hartford,2014,0,NIT
Texas Southern,2014,1,R64
Norfolk St.,2014,0,NIT
Seattle,2014,0,NIT
Saint Peter's,2014,0,NIT
Grand Canyon,2014,0,NIT
Illinois Chicago,2014,0,NIT
Northern Colorado,2014,0,NIT
Idaho,2014,0,NIT
Hofstra,2014,0,NIT
East Tennessee St.,2014,0,NIT
Troy,2014,0,NIT
Fairfield,2014,0,NIT
Penn,2014,0,NIT
Tennessee Tech,2014,0,NIT
Western Carolina,2014,0,NIT
Lehigh,2014,0,NIT
Louisiana Monroe,2014,0,NIT
Dartmouth,2014,0,NIT
Cal St. Fullerton,2014,0,NIT
Texas St.,2014,0,NIT
North Dakota,2014,0,NIT
James Madison,2014,0,NIT
UNC Wilmington,2014,0,NIT
Lipscomb,2014,0,NIT
Idaho St.,2014,0,NIT
Northern Arizona,2014,0,NIT
South Dakota,2014,0,NIT
North Florida,2014,0,NIT
Monmouth,2014,0,NIT
Niagara,2014,0,NIT
Austin Peay,2014,0,NIT
Western Illinois,2014,0,NIT
Portland St.,2014,0,NIT
Chattanooga,2014,0,NIT
Central Michigan,2014,0,NIT
Incarnate Word,2014,0,NIT
UMKC,2014,0,NIT
Liberty,2014,0,NIT
Savannah St.,2014,0,NIT
Tulane,2014,0,NIT
Rice,2014,0,NIT
UC Riverside,2014,0,NIT
Chicago St.,2014,0,NIT
Ball St.,2014,0,NIT
Fairleigh Dickinson,2014,0,NIT
Eastern Illinois,2014,0,NIT
Georgia Southern,2014,0,NIT
UT Rio Grande Valley,2014,0,NIT
Loyola MD,2014,0,NIT
SIU Edwardsville,2014,0,NIT
UTSA,2014,0,NIT
Navy,2014,0,NIT
Jacksonville,2014,0,NIT
Coppin St.,2014,0,NIT
UC Davis,2014,0,NIT
Tennessee St.,2014,0,NIT
San Jose St.,2014,0,NIT
Northern Kentucky,2014,0,NIT
Nicholls St.,2014,0,NIT
Central Connecticut,2014,0,NIT
Jackson St.,2014,0,NIT
Alabama A&M,2014,0,NIT
Montana St.,2014,0,NIT
Tennessee Martin,2014,0,NIT
Sacred Heart,2014,0,NIT
Jacksonville St.,2014,0,NIT
Southeastern Louisiana,2014,0,NIT
Florida A&M,2014,0,NIT
LIU Brooklyn,2014,0,NIT
St. Francis PA,2014,0,NIT
UNC Greensboro,2014,0,NIT
Arkansas Pine Bluff,2014,0,NIT
NJIT,2014,0,NIT
Delaware St.,2014,0,NIT
McNeese St.,2014,0,NIT
Samford,2014,0,NIT
Alabama St.,2014,0,NIT
Campbell,2014,0,NIT
Central Arkansas,2014,0,NIT
IUPUI,2014,0,NIT
Cornell,2014,0,NIT
Alcorn St.,2014,0,NIT
Prairie View A&M,2014,0,NIT
Binghamton,2014,0,NIT
New Orleans,2014,0,NIT
New Hampshire,2014,0,NIT
Lamar,2014,0,NIT
UMass Lowell,2014,0,NIT
Kennesaw St.,2014,0,NIT
Appalachian St.,2014,0,NIT
UMBC,2014,0,NIT
Howard,2014,0,NIT
Stetson,2014,0,NIT
Furman,2014,0,NIT
North Carolina A&T,2014,0,NIT
Houston Baptist,2014,0,NIT
Maryland Eastern Shore,2014,0,NIT
Bethune Cookman,2014,0,NIT
Longwood,2014,0,NIT
Abilene Christian,2014,0,NIT
Maine,2014,0,NIT
The Citadel,2014,0,NIT
South Carolina St.,2014,0,NIT
Mississippi Valley St.,2014,0,NIT
Presbyterian,2014,0,NIT
Grambling St.,2014,0,NIT
Southern Utah,2014,0,NIT
Kentucky,2015,16,F4
Duke,2015,16,CHMP
Wisconsin,2015,16,F2
Arizona,2015,15,E8
Villanova,2015,16,R32
Virginia,2015,15,R32
Utah,2015,12,S16
North Carolina,2015,13,S16
Gonzaga,2015,15,E8
Notre Dame,2015,14,E8
Oklahoma,2015,14,S16
Michigan St.,2015,10,F4
Baylor,2015,14,R64
Kansas,2015,15,R32
Louisville,2015,13,E8
Wichita St.,2015,10,S16
Northern Iowa,2015,12,R32
Iowa,2015,10,R32
Butler,2015,11,R32
Ohio St.,2015,7,R32
Iowa St.,2015,14,R64
Xavier,2015,11,S16
Texas,2015,6,R64
Georgetown,2015,13,R32
Providence,2015,11,R64
Florida,2015,0,NIT
West Virginia,2015,12,S16
BYU,2015,6,R64
Arkansas,2015,12,R32
San Diego St.,2015,9,R32
North Carolina St.,2015,9,S16
Purdue,2015,8,R64
SMU,2015,11,R64
Maryland,2015,13,R32
St. John's,2015,8,R64
Syracuse,2015,0,NIT
Georgia,2015,7,R64
LSU,2015,8,R64
Indiana,2015,7,R64
Oklahoma St.,2015,8,R64
Miami FL,2015,0,NIT
Davidson,2015,7,R64
UCLA,2015,6,S16
Stanford,2015,0,NIT
Cincinnati,2015,9,R32
Oregon,2015,9,R32
VCU,2015,10,R64
Vanderbilt,2015,0,NIT
Michigan,2015,0,NIT
TCU,2015,0,NIT
Boise St.,2015,6,R64
Minnesota,2015,0,NIT
Illinois,2015,0,NIT
South Carolina,2015,0,NIT
Dayton,2015,6,R32
Texas A&M,2015,0,NIT
Mississippi,2015,6,R64
Temple,2015,0,NIT
Richmond,2015,0,NIT
Saint Mary's,2015,0,NIT
Clemson,2015,0,NIT
Illinois St.,2015,0,NIT
Stephen F. Austin,2015,5,R64
Rhode Island,2015,0,NIT
Alabama,2015,0,NIT
Colorado St.,2015,0,NIT
Georgia St.,2015,3,R32
Murray St.,2015,0,NIT
George Washington,2015,0,NIT
Pittsburgh,2015,0,NIT
Buffalo,2015,5,R64
Arizona St.,2015,0,NIT
Valparaiso,2015,4,R64
Penn St.,2015,0,NIT
Old Dominion,2015,0,NIT
Memphis,2015,0,NIT
Green Bay,2015,0,NIT
Georgia Tech,2015,0,NIT
Creighton,2015,0,NIT
Boston College,2015,0,NIT
Seton Hall,2015,0,NIT
Kansas St.,2015,0,NIT
Marquette,2015,0,NIT
UC Irvine,2015,4,R64
Tulsa,2015,0,NIT
Connecticut,2015,0,NIT
Florida St.,2015,0,NIT
Harvard,2015,4,R64
Oregon St.,2015,0,NIT
Louisiana Tech,2015,0,NIT
Central Michigan,2015,0,NIT
Sam Houston St.,2015,0,NIT
Toledo,2015,0,NIT
UNLV,2015,0,NIT
Yale,2015,0,NIT
Colorado,2015,0,NIT
UTEP,2015,0,NIT
Wake Forest,2015,0,NIT
San Diego,2015,0,NIT
UC Santa Barbara,2015,0,NIT
La Salle,2015,0,NIT
Tennessee,2015,0,NIT
South Dakota St.,2015,0,NIT
Akron,2015,0,NIT
Hawaii,2015,0,NIT
New Mexico St.,2015,2,R64
Northeastern,2015,3,R64
California,2015,0,NIT
Wofford,2015,5,R64
Nebraska,2015,0,NIT
Cleveland St.,2015,0,NIT
Washington,2015,0,NIT
Iona,2015,0,NIT
Portland,2015,0,NIT
Northwestern,2015,0,NIT
UC Davis,2015,0,NIT
San Francisco,2015,0,NIT
Evansville,2015,0,NIT
North Carolina Central,2015,0,NIT
Bowling Green,2015,0,NIT
Utah St.,2015,0,NIT
Wyoming,2015,5,R64
William & Mary,2015,0,NIT
Hofstra,2015,0,NIT
St. Bonaventure,2015,0,NIT
Kent St.,2015,0,NIT
Pepperdine,2015,0,NIT
Massachusetts,2015,0,NIT
Auburn,2015,0,NIT
DePaul,2015,0,NIT
Louisiana Lafayette,2015,0,NIT
Long Beach St.,2015,0,NIT
Vermont,2015,0,NIT
Texas Tech,2015,0,NIT
Mississippi St.,2015,0,NIT
Albany,2015,3,R64
UAB,2015,3,R32
Loyola Chicago,2015,0,NIT
Eastern Washington,2015,4,R64
New Mexico,2015,0,NIT
Eastern Michigan,2015,0,NIT
Stony Brook,2015,0,NIT
Belmont,2015,2,R64
Eastern Kentucky,2015,0,NIT
Cal Poly,2015,0,NIT
Coastal Carolina,2015,1,R64
Morehead St.,2015,0,NIT
USC,2015,0,NIT
Princeton,2015,0,NIT
Saint Joseph's,2015,0,NIT
Manhattan,2015,1,R64
Mercer,2015,0,NIT
Santa Clara,2015,0,NIT
UNC Wilmington,2015,0,NIT
Virginia Tech,2015,0,NIT
Georgia Southern,2015,0,NIT
Columbia,2015,0,NIT
Canisius,2015,0,NIT
Western Michigan,2015,0,NIT
Montana,2015,0,NIT
North Florida,2015,1,R64
Middle Tennessee,2015,0,NIT
North Dakota St.,2015,2,R64
Indiana St.,2015,0,NIT
Quinnipiac,2015,0,NIT
Washington St.,2015,0,NIT
Louisiana Monroe,2015,0,NIT
Rider,2015,0,NIT
Charlotte,2015,0,NIT
Oakland,2015,0,NIT
High Point,2015,0,NIT
Western Kentucky,2015,0,NIT
Tennessee Martin,2015,0,NIT
Winthrop,2015,0,NIT
Chattanooga,2015,0,NIT
USC Upstate,2015,0,NIT
NJIT,2015,0,NIT
Houston,2015,0,NIT
Colgate,2015,0,NIT
Radford,2015,0,NIT
Lehigh,2015,0,NIT
Northern Arizona,2015,0,NIT
Rutgers,2015,0,NIT
Fordham,2015,0,NIT
St. Francis NY,2015,0,NIT
Missouri,2015,0,NIT
UT Arlington,2015,0,NIT
Monmouth,2015,0,NIT
Detroit,2015,0,NIT
Southern Illinois,2015,0,NIT
Robert Morris,2015,1,R64
George Mason,2015,0,NIT
Saint Peter's,2015,0,NIT
Florida Gulf Coast,2015,0,NIT
New Hampshire,2015,0,NIT
Milwaukee,2015,0,NIT
IPFW,2015,0,NIT
Northern Illinois,2015,0,NIT
Fresno St.,2015,0,NIT
Oral Roberts,2015,0,NIT
East Tennessee St.,2015,0,NIT
Charleston Southern,2015,0,NIT
Dartmouth,2015,0,NIT
Rice,2015,0,NIT
Texas A&M Corpus Chris,2015,0,NIT
Southeast Missouri St.,2015,0,NIT
Denver,2015,0,NIT
Bucknell,2015,0,NIT
Pacific,2015,0,NIT
East Carolina,2015,0,NIT
St. Francis PA,2015,0,NIT
American,2015,0,NIT
Western Carolina,2015,0,NIT
Lafayette,2015,1,R64
UC Riverside,2015,0,NIT
Tulane,2015,0,NIT
UTSA,2015,0,NIT
James Madison,2015,0,NIT
Duquesne,2015,0,NIT
Gardner Webb,2015,0,NIT
North Texas,2015,0,NIT
Cornell,2015,0,NIT
Sacramento St.,2015,0,NIT
Air Force,2015,0,NIT
Arkansas Little Rock,2015,0,NIT
Norfolk St.,2015,0,NIT
Seattle,2015,0,NIT
Boston University,2015,0,NIT
South Dakota,2015,0,NIT
Texas St.,2015,0,NIT
Ohio,2015,0,NIT
Idaho,2015,0,NIT
Miami OH,2015,0,NIT
Drexel,2015,0,NIT
Northwestern St.,2015,0,NIT
Texas Southern,2015,2,R64
Maryland Eastern Shore,2015,0,NIT
Northern Kentucky,2015,0,NIT
Mount St. Mary's,2015,0,NIT
Holy Cross,2015,0,NIT
Bryant,2015,0,NIT
Drake,2015,0,NIT
Bradley,2015,0,NIT
Brown,2015,0,NIT
Portland St.,2015,0,NIT
UNC Asheville,2015,0,NIT
Siena,2015,0,NIT
Cal St. Bakersfield,2015,0,NIT
Weber St.,2015,0,NIT
Wright St.,2015,0,NIT
Eastern Illinois,2015,0,NIT
Navy,2015,0,NIT
Incarnate Word,2015,0,NIT
UNC Greensboro,2015,0,NIT
Marshall,2015,0,NIT
Northern Colorado,2015,0,NIT
Loyola Marymount,2015,0,NIT
Nebraska Omaha,2015,0,NIT
Tennessee Tech,2015,0,NIT
Ball St.,2015,0,NIT
Hampton,2015,1,R64
Missouri St.,2015,0,NIT
SIU Edwardsville,2015,0,NIT
Cal St. Northridge,2015,0,NIT
Delaware,2015,0,NIT
UCF,2015,0,NIT
Youngstown St.,2015,0,NIT
Towson,2015,0,NIT
Sacred Heart,2015,0,NIT
Grand Canyon,2015,0,NIT
South Florida,2015,0,NIT
Army,2015,0,NIT
FIU,2015,0,NIT
Nevada,2015,0,NIT
Saint Louis,2015,0,NIT
Elon,2015,0,NIT
IUPUI,2015,0,NIT
College of Charleston,2015,0,NIT
LIU Brooklyn,2015,0,NIT
South Alabama,2015,0,NIT
Troy,2015,0,NIT
Cal St. Fullerton,2015,0,NIT
Samford,2015,0,NIT
Illinois Chicago,2015,0,NIT
VMI,2015,0,NIT
Penn,2015,0,NIT
Lamar,2015,0,NIT
Hartford,2015,0,NIT
Delaware St.,2015,0,NIT
Howard,2015,0,NIT
Appalachian St.,2015,0,NIT
UMKC,2015,0,NIT
McNeese St.,2015,0,NIT
Niagara,2015,0,NIT
Alabama St.,2015,0,NIT
Florida Atlantic,2015,0,NIT
Fairfield,2015,0,NIT
Prairie View A&M,2015,0,NIT
Furman,2015,0,NIT
Campbell,2015,0,NIT
Southern,2015,0,NIT
Lipscomb,2015,0,NIT
Southern Utah,2015,0,NIT
Loyola MD,2015,0,NIT
Marist,2015,0,NIT
North Dakota,2015,0,NIT
Southeastern Louisiana,2015,0,NIT
Arkansas St.,2015,0,NIT
Montana St.,2015,0,NIT
Longwood,2015,0,NIT
New Orleans,2015,0,NIT
Idaho St.,2015,0,NIT
Wagner,2015,0,NIT
Jacksonville St.,2015,0,NIT
Austin Peay,2015,0,NIT
Southern Miss,2015,0,NIT
Jackson St.,2015,0,NIT
Utah Valley,2015,0,NIT
UMass Lowell,2015,0,NIT
Houston Baptist,2015,0,NIT
Fairleigh Dickinson,2015,0,NIT
Presbyterian,2015,0,NIT
Nicholls St.,2015,0,NIT
The Citadel,2015,0,NIT
Coppin St.,2015,0,NIT
Western Illinois,2015,0,NIT
Binghamton,2015,0,NIT
Jacksonville,2015,0,NIT
Morgan St.,2015,0,NIT
Arkansas Pine Bluff,2015,0,NIT
South Carolina St.,2015,0,NIT
Chicago St.,2015,0,NIT
Bethune Cookman,2015,0,NIT
Tennessee St.,2015,0,NIT
UT Rio Grande Valley,2015,0,NIT
Stetson,2015,0,NIT
Liberty,2015,0,NIT
Central Connecticut,2015,0,NIT
Savannah St.,2015,0,NIT
North Carolina A&T,2015,0,NIT
Alabama A&M,2015,0,NIT
Maine,2015,0,NIT
Abilene Christian,2015,0,NIT
Kennesaw St.,2015,0,NIT
San Jose St.,2015,0,NIT
UMBC,2015,0,NIT
Alcorn St.,2015,0,NIT
Central Arkansas,2015,0,NIT
Mississippi Valley St.,2015,0,NIT
Florida A&M,2015,0,NIT
Grambling St.,2015,0,NIT
Villanova,2016,15,CHMP
Kansas,2016,16,E8
Virginia,2016,16,E8
North Carolina,2016,16,F2
Kentucky,2016,13,R32
Michigan St.,2016,15,R64
West Virginia,2016,14,R64
Oklahoma,2016,15,F4
Wichita St.,2016,6,R32
Purdue,2016,12,R64
Louisville,2016,0,NIT
Gonzaga,2016,6,S16
Xavier,2016,15,R32
Miami FL,2016,14,S16
Indiana,2016,12,S16
Oregon,2016,16,E8
Iowa St.,2016,13,S16
Vanderbilt,2016,6,R64
Texas A&M,2016,14,S16
Duke,2016,13,S16
Arizona,2016,11,R64
Seton Hall,2016,11,R64
California,2016,13,R64
SMU,2016,0,NIT
Baylor,2016,12,R64
Butler,2016,8,R32
Syracuse,2016,7,F4
Iowa,2016,10,R32
Maryland,2016,12,S16
Saint Mary's,2016,0,NIT
VCU,2016,7,R32
Utah,2016,14,R32
Connecticut,2016,8,R32
Florida,2016,0,NIT
Cincinnati,2016,8,R64
Pittsburgh,2016,7,R64
Texas,2016,11,R64
Creighton,2016,0,NIT
Saint Joseph's,2016,9,R32
Wisconsin,2016,10,S16
Valparaiso,2016,0,NIT
George Washington,2016,0,NIT
Georgia Tech,2016,0,NIT
Kansas St.,2016,0,NIT
San Diego St.,2016,0,NIT
USC,2016,9,R64
Notre Dame,2016,11,E8
Clemson,2016,0,NIT
Stephen F. Austin,2016,3,R32
Texas Tech,2016,9,R64
BYU,2016,0,NIT
Yale,2016,5,R32
Michigan,2016,6,R64
Providence,2016,8,R32
Dayton,2016,10,R64
Georgetown,2016,0,NIT
Northern Iowa,2016,6,R32
South Carolina,2016,0,NIT
Colorado,2016,9,R64
Florida St.,2016,0,NIT
Hawaii,2016,4,R32
Princeton,2016,0,NIT
Washington,2016,0,NIT
Georgia,2016,0,NIT
Oregon St.,2016,10,R64
Virginia Tech,2016,0,NIT
UCLA,2016,0,NIT
LSU,2016,0,NIT
Arkansas Little Rock,2016,5,R32
Houston,2016,0,NIT
Northwestern,2016,0,NIT
Arkansas,2016,0,NIT
Marquette,2016,0,NIT
North Carolina St.,2016,0,NIT
Mississippi,2016,0,NIT
Tulsa,2016,6,R64
Memphis,2016,0,NIT
Mississippi St.,2016,0,NIT
Rhode Island,2016,0,NIT
Alabama,2016,0,NIT
South Dakota St.,2016,5,R64
Ohio St.,2016,0,NIT
Temple,2016,7,R64
UC Irvine,2016,0,NIT
Oklahoma St.,2016,0,NIT
Evansville,2016,0,NIT
UC Santa Barbara,2016,0,NIT
William & Mary,2016,0,NIT
Boise St.,2016,0,NIT
Akron,2016,0,NIT
UNC Wilmington,2016,4,R64
St. Bonaventure,2016,0,NIT
Tennessee,2016,0,NIT
Richmond,2016,0,NIT
Nebraska,2016,0,NIT
Arizona St.,2016,0,NIT
Long Beach St.,2016,0,NIT
Cal St. Bakersfield,2016,2,R64
Oakland,2016,0,NIT
Monmouth,2016,0,NIT
Old Dominion,2016,0,NIT
Wake Forest,2016,0,NIT
UT Arlington,2016,0,NIT
James Madison,2016,0,NIT
Hofstra,2016,0,NIT
Iona,2016,3,R64
New Mexico,2016,0,NIT
Stanford,2016,0,NIT
Davidson,2016,0,NIT
Fresno St.,2016,3,R64
New Mexico St.,2016,0,NIT
Columbia,2016,0,NIT
Stony Brook,2016,4,R64
Illinois St.,2016,0,NIT
UNLV,2016,0,NIT
Toledo,2016,0,NIT
Chattanooga,2016,5,R64
Louisiana Monroe,2016,0,NIT
Middle Tennessee,2016,2,R32
Milwaukee,2016,0,NIT
UAB,2016,0,NIT
Utah St.,2016,0,NIT
Belmont,2016,0,NIT
Northeastern,2016,0,NIT
Louisiana Lafayette,2016,0,NIT
Illinois,2016,0,NIT
Ohio,2016,0,NIT
College of Charleston,2016,0,NIT
Wright St.,2016,0,NIT
TCU,2016,0,NIT
Nevada,2016,0,NIT
Duquesne,2016,0,NIT
Pepperdine,2016,0,NIT
Siena,2016,0,NIT
Buffalo,2016,3,R64
Green Bay,2016,3,R64
Albany,2016,0,NIT
Grand Canyon,2016,0,NIT
Southern Illinois,2016,0,NIT
Marshall,2016,0,NIT
Weber St.,2016,2,R64
Colorado St.,2016,0,NIT
Central Michigan,2016,0,NIT
IPFW,2016,0,NIT
Morehead St.,2016,0,NIT
UNC Asheville,2016,2,R64
Penn St.,2016,0,NIT
Murray St.,2016,0,NIT
Vermont,2016,0,NIT
Massachusetts,2016,0,NIT
Fordham,2016,0,NIT
Towson,2016,0,NIT
Montana,2016,0,NIT
Eastern Michigan,2016,0,NIT
Florida Gulf Coast,2016,1,R64
North Florida,2016,0,NIT
North Dakota St.,2016,0,NIT
Wyoming,2016,0,NIT
Western Kentucky,2016,0,NIT
Missouri,2016,0,NIT
Nebraska Omaha,2016,0,NIT
Harvard,2016,0,NIT
Loyola Chicago,2016,0,NIT
Ball St.,2016,0,NIT
Louisiana Tech,2016,0,NIT
Georgia St.,2016,0,NIT
DePaul,2016,0,NIT
Tennessee St.,2016,0,NIT
Elon,2016,0,NIT
Northern Illinois,2016,0,NIT
High Point,2016,0,NIT
Oral Roberts,2016,0,NIT
Coastal Carolina,2016,0,NIT
Lehigh,2016,0,NIT
Detroit,2016,0,NIT
East Tennessee St.,2016,0,NIT
Bucknell,2016,0,NIT
Eastern Washington,2016,0,NIT
Kent St.,2016,0,NIT
Portland,2016,0,NIT
Winthrop,2016,0,NIT
Denver,2016,0,NIT
George Mason,2016,0,NIT
Wagner,2016,0,NIT
East Carolina,2016,0,NIT
North Dakota,2016,0,NIT
Auburn,2016,0,NIT
Indiana St.,2016,0,NIT
Western Michigan,2016,0,NIT
UCF,2016,0,NIT
Wofford,2016,0,NIT
Texas A&M Corpus Chris,2016,0,NIT
Cal Poly,2016,0,NIT
Mercer,2016,0,NIT
Washington St.,2016,0,NIT
Loyola Marymount,2016,0,NIT
Tulane,2016,0,NIT
UTEP,2016,0,NIT
Furman,2016,0,NIT
Minnesota,2016,0,NIT
Eastern Kentucky,2016,0,NIT
Fairfield,2016,0,NIT
Navy,2016,0,NIT
Texas Southern,2016,0,NIT
Pacific,2016,0,NIT
NJIT,2016,0,NIT
Saint Louis,2016,0,NIT
Georgia Southern,2016,0,NIT
San Francisco,2016,0,NIT
Boston College,2016,0,NIT
Tennessee Tech,2016,0,NIT
IUPUI,2016,0,NIT
St. John's,2016,0,NIT
Texas St.,2016,0,NIT
Idaho,2016,0,NIT
Charlotte,2016,0,NIT
Dartmouth,2016,0,NIT
Missouri St.,2016,0,NIT
UNC Greensboro,2016,0,NIT
Montana St.,2016,0,NIT
UC Riverside,2016,0,NIT
FIU,2016,0,NIT
South Dakota,2016,0,NIT
Western Carolina,2016,0,NIT
Tennessee Martin,2016,0,NIT
Austin Peay,2016,1,R64
Boston University,2016,0,NIT
Rider,2016,0,NIT
New Hampshire,2016,0,NIT
Santa Clara,2016,0,NIT
La Salle,2016,0,NIT
UC Davis,2016,0,NIT
Canisius,2016,0,NIT
Sam Houston St.,2016,0,NIT
South Florida,2016,0,NIT
San Jose St.,2016,0,NIT
Gardner Webb,2016,0,NIT
Saint Peter's,2016,0,NIT
Cal St. Northridge,2016,0,NIT
Army,2016,0,NIT
Western Illinois,2016,0,NIT
Bowling Green,2016,0,NIT
Radford,2016,0,NIT
Samford,2016,0,NIT
Cal St. Fullerton,2016,0,NIT
Drexel,2016,0,NIT
Kennesaw St.,2016,0,NIT
Manhattan,2016,0,NIT
Portland St.,2016,0,NIT
Southern,2016,1,R64
Air Force,2016,0,NIT
Jackson St.,2016,0,NIT
Miami OH,2016,0,NIT
Lipscomb,2016,0,NIT
Jacksonville,2016,0,NIT
Norfolk St.,2016,0,NIT
Northern Kentucky,2016,0,NIT
Arkansas St.,2016,0,NIT
Drake,2016,0,NIT
South Alabama,2016,0,NIT
UMKC,2016,0,NIT
San Diego,2016,0,NIT
Penn,2016,0,NIT
Troy,2016,0,NIT
Colgate,2016,0,NIT
Eastern Illinois,2016,0,NIT
Delaware,2016,0,NIT
Hampton,2016,1,R64
Idaho St.,2016,0,NIT
Rutgers,2016,0,NIT
Mount St. Mary's,2016,0,NIT
Brown,2016,0,NIT
Appalachian St.,2016,0,NIT
Stetson,2016,0,NIT
Loyola MD,2016,0,NIT
Rice,2016,0,NIT
Utah Valley,2016,0,NIT
Holy Cross,2016,1,R64
South Carolina St.,2016,0,NIT
North Texas,2016,0,NIT
LIU Brooklyn,2016,0,NIT
Cornell,2016,0,NIT
Incarnate Word,2016,0,NIT
Youngstown St.,2016,0,NIT
Seattle,2016,0,NIT
Sacramento St.,2016,0,NIT
Quinnipiac,2016,0,NIT
Jacksonville St.,2016,0,NIT
Fairleigh Dickinson,2016,1,R64
Cleveland St.,2016,0,NIT
Houston Baptist,2016,0,NIT
Alabama St.,2016,0,NIT
Charleston Southern,2016,0,NIT
Liberty,2016,0,NIT
Bethune Cookman,2016,0,NIT
Florida Atlantic,2016,0,NIT
Campbell,2016,0,NIT
St. Francis PA,2016,0,NIT
St. Francis NY,2016,0,NIT
Morgan St.,2016,0,NIT
North Carolina Central,2016,0,NIT
USC Upstate,2016,0,NIT
Sacred Heart,2016,0,NIT
Binghamton,2016,0,NIT
SIU Edwardsville,2016,0,NIT
Longwood,2016,0,NIT
Hartford,2016,0,NIT
Alcorn St.,2016,0,NIT
Marist,2016,0,NIT
VMI,2016,0,NIT
Lafayette,2016,0,NIT
Maryland Eastern Shore,2016,0,NIT
Alabama A&M,2016,0,NIT
UMass Lowell,2016,0,NIT
Niagara,2016,0,NIT
Southern Miss,2016,0,NIT
Robert Morris,2016,0,NIT
Abilene Christian,2016,0,NIT
Northern Colorado,2016,0,NIT
The Citadel,2016,0,NIT
Southeastern Louisiana,2016,0,NIT
American,2016,0,NIT
Bradley,2016,0,NIT
Northwestern St.,2016,0,NIT
New Orleans,2016,0,NIT
Coppin St.,2016,0,NIT
Nicholls St.,2016,0,NIT
Illinois Chicago,2016,0,NIT
McNeese St.,2016,0,NIT
Central Arkansas,2016,0,NIT
Howard,2016,0,NIT
Savannah St.,2016,0,NIT
Presbyterian,2016,0,NIT
Lamar,2016,0,NIT
UMBC,2016,0,NIT
Southeast Missouri St.,2016,0,NIT
UTSA,2016,0,NIT
North Carolina A&T,2016,0,NIT
Maine,2016,0,NIT
Southern Utah,2016,0,NIT
Prairie View A&M,2016,0,NIT
Bryant,2016,0,NIT
Northern Arizona,2016,0,NIT
UT Rio Grande Valley,2016,0,NIT
Mississippi Valley St.,2016,0,NIT
Chicago St.,2016,0,NIT
Arkansas Pine Bluff,2016,0,NIT
Delaware St.,2016,0,NIT
Central Connecticut,2016,0,NIT
Grambling St.,2016,0,NIT
Florida A&M,2016,0,NIT
Gonzaga,2017,16,F2
North Carolina,2017,16,CHMP
Villanova,2017,16,R32
Florida,2017,13,E8
Kentucky,2017,15,E8
West Virginia,2017,13,S16
Virginia,2017,12,R32
Kansas,2017,16,E8
Louisville,2017,15,R32
Duke,2017,15,R32
SMU,2017,11,R64
Wichita St.,2017,7,R32
Michigan,2017,10,S16
Saint Mary's,2017,10,R32
Oregon,2017,14,F4
Purdue,2017,13,S16
Cincinnati,2017,11,R32
Iowa St.,2017,12,R32
Wisconsin,2017,9,S16
Baylor,2017,14,S16
Oklahoma St.,2017,7,R64
Notre Dame,2017,12,R32
UCLA,2017,14,S16
Arizona,2017,15,S16
South Carolina,2017,10,F4
Butler,2017,13,S16
Florida St.,2017,14,R32
Creighton,2017,11,R64
Vanderbilt,2017,8,R64
Marquette,2017,7,R64
Wake Forest,2017,6,R64
Kansas St.,2017,6,R64
Miami FL,2017,9,R64
Rhode Island,2017,6,R32
Xavier,2017,6,E8
Minnesota,2017,12,R64
Michigan St.,2017,8,R32
TCU,2017,0,NIT
Northwestern,2017,9,R32
Clemson,2017,0,NIT
Illinois St.,2017,0,NIT
Maryland,2017,11,R64
Indiana,2017,0,NIT
Virginia Tech,2017,8,R64
Syracuse,2017,0,NIT
Texas Tech,2017,0,NIT
Middle Tennessee,2017,5,R32
Arkansas,2017,9,R32
Dayton,2017,10,R64
Houston,2017,0,NIT
Providence,2017,6,R64
Seton Hall,2017,8,R64
Utah,2017,0,NIT
Alabama,2017,0,NIT
Tennessee,2017,0,NIT
Texas A&M,2017,0,NIT
Oklahoma,2017,0,NIT
Nevada,2017,5,R64
Princeton,2017,5,R64
VCU,2017,7,R64
UCF,2017,0,NIT
USC,2017,6,R32
Georgia,2017,0,NIT
UNC Wilmington,2017,5,R64
Vermont,2017,4,R64
Ohio St.,2017,0,NIT
California,2017,0,NIT
Iowa,2017,0,NIT
Georgetown,2017,0,NIT
Pittsburgh,2017,0,NIT
Texas,2017,0,NIT
East Tennessee St.,2017,4,R64
San Diego St.,2017,0,NIT
Davidson,2017,0,NIT
Illinois,2017,0,NIT
Mississippi,2017,0,NIT
Georgia Tech,2017,0,NIT
Auburn,2017,0,NIT
Bucknell,2017,4,R64
Colorado,2017,0,NIT
Cal St. Bakersfield,2017,0,NIT
BYU,2017,0,NIT
UT Arlington,2017,0,NIT
Colorado St.,2017,0,NIT
Boise St.,2017,0,NIT
Connecticut,2017,0,NIT
Richmond,2017,0,NIT
Monmouth,2017,0,NIT
San Francisco,2017,0,NIT
Saint Peter's,2017,0,NIT
Fresno St.,2017,0,NIT
Penn St.,2017,0,NIT
St. Bonaventure,2017,0,NIT
New Mexico St.,2017,3,R64
Louisiana Tech,2017,0,NIT
Loyola Chicago,2017,0,NIT
North Carolina St.,2017,0,NIT
Nebraska,2017,0,NIT
Ohio,2017,0,NIT
St. John's,2017,0,NIT
Stanford,2017,0,NIT
Mississippi St.,2017,0,NIT
Akron,2017,0,NIT
Temple,2017,0,NIT
Belmont,2017,0,NIT
Memphis,2017,0,NIT
College of Charleston,2017,0,NIT
Furman,2017,0,NIT
Oakland,2017,0,NIT
Valparaiso,2017,0,NIT
New Mexico,2017,0,NIT
Santa Clara,2017,0,NIT
Florida Gulf Coast,2017,3,R64
Harvard,2017,0,NIT
Chattanooga,2017,0,NIT
Winthrop,2017,4,R64
UC Irvine,2017,0,NIT
Towson,2017,0,NIT
Evansville,2017,0,NIT
Arizona St.,2017,0,NIT
Old Dominion,2017,0,NIT
Toledo,2017,0,NIT
Lehigh,2017,0,NIT
Albany,2017,0,NIT
George Washington,2017,0,NIT
Georgia St.,2017,0,NIT
Iona,2017,3,R64
Missouri St.,2017,0,NIT
Wyoming,2017,0,NIT
UNC Asheville,2017,0,NIT
Rutgers,2017,0,NIT
UNC Greensboro,2017,0,NIT
William & Mary,2017,0,NIT
Grand Canyon,2017,0,NIT
Arkansas St.,2017,0,NIT
George Mason,2017,0,NIT
Utah St.,2017,0,NIT
Boston College,2017,0,NIT
Troy,2017,2,R64
Mercer,2017,0,NIT
La Salle,2017,0,NIT
Buffalo,2017,0,NIT
Elon,2017,0,NIT
Tulsa,2017,0,NIT
Missouri,2017,0,NIT
Wofford,2017,0,NIT
Northern Kentucky,2017,2,R64
Tennessee St.,2017,0,NIT
Kent St.,2017,3,R64
Texas St.,2017,0,NIT
Utah Valley,2017,0,NIT
Marshall,2017,0,NIT
Eastern Michigan,2017,0,NIT
Samford,2017,0,NIT
Louisiana Lafayette,2017,0,NIT
Washington,2017,0,NIT
North Dakota,2017,2,R64
Fort Wayne,2017,0,NIT
Penn,2017,0,NIT
Yale,2017,0,NIT
Jacksonville St.,2017,2,R64
Northern Iowa,2017,0,NIT
North Carolina Central,2017,1,R64
Texas A&M Corpus Chris,2017,0,NIT
Western Michigan,2017,0,NIT
Massachusetts,2017,0,NIT
Lipscomb,2017,0,NIT
South Dakota,2017,0,NIT
Wright St.,2017,0,NIT
DePaul,2017,0,NIT
Washington St.,2017,0,NIT
East Carolina,2017,0,NIT
Loyola Marymount,2017,0,NIT
Siena,2017,0,NIT
Gardner Webb,2017,0,NIT
Ball St.,2017,0,NIT
Saint Joseph's,2017,0,NIT
Southern Illinois,2017,0,NIT
LSU,2017,0,NIT
Rice,2017,0,NIT
Nebraska Omaha,2017,0,NIT
Northeastern,2017,0,NIT
Eastern Washington,2017,0,NIT
South Dakota St.,2017,1,R64
Fordham,2017,0,NIT
New Orleans,2017,1,R64
New Hampshire,2017,0,NIT
North Dakota St.,2017,0,NIT
Weber St.,2017,0,NIT
UAB,2017,0,NIT
Green Bay,2017,0,NIT
Boston University,2017,0,NIT
Georgia Southern,2017,0,NIT
UTEP,2017,0,NIT
Indiana St.,2017,0,NIT
Montana,2017,0,NIT
Hofstra,2017,0,NIT
Canisius,2017,0,NIT
UMBC,2017,0,NIT
Morehead St.,2017,0,NIT
Mount St. Mary's,2017,1,R64
Tulane,2017,0,NIT
Northern Illinois,2017,0,NIT
Long Beach St.,2017,0,NIT
UC Davis,2017,1,R64
Navy,2017,0,NIT
IUPUI,2017,0,NIT
Denver,2017,0,NIT
Idaho,2017,0,NIT
Eastern Illinois,2017,0,NIT
Air Force,2017,0,NIT
Fairfield,2017,0,NIT
Murray St.,2017,0,NIT
Duquesne,2017,0,NIT
San Jose St.,2017,0,NIT
UMKC,2017,0,NIT
Coastal Carolina,2017,0,NIT
Rider,2017,0,NIT
Stony Brook,2017,0,NIT
Tennessee Martin,2017,0,NIT
Liberty,2017,0,NIT
Holy Cross,2017,0,NIT
James Madison,2017,0,NIT
Western Kentucky,2017,0,NIT
Lamar,2017,0,NIT
Texas Southern,2017,1,R64
Charlotte,2017,0,NIT
Columbia,2017,0,NIT
Bradley,2017,0,NIT
Bowling Green,2017,0,NIT
Oral Roberts,2017,0,NIT
Cal St. Fullerton,2017,0,NIT
Illinois Chicago,2017,0,NIT
Montana St.,2017,0,NIT
Houston Baptist,2017,0,NIT
Pacific,2017,0,NIT
Loyola MD,2017,0,NIT
UNLV,2017,0,NIT
Drexel,2017,0,NIT
Southeast Missouri St.,2017,0,NIT
Southeastern Louisiana,2017,0,NIT
Little Rock,2017,0,NIT
Hawaii,2017,0,NIT
Drake,2017,0,NIT
Central Michigan,2017,0,NIT
Army,2017,0,NIT
South Alabama,2017,0,NIT
Sam Houston St.,2017,0,NIT
LIU Brooklyn,2017,0,NIT
St. Francis PA,2017,0,NIT
Portland St.,2017,0,NIT
North Florida,2017,0,NIT
Seattle,2017,0,NIT
Wagner,2017,0,NIT
Stephen F. Austin,2017,0,NIT
Cleveland St.,2017,0,NIT
Louisiana Monroe,2017,0,NIT
UTSA,2017,0,NIT
Saint Louis,2017,0,NIT
Robert Morris,2017,0,NIT
Appalachian St.,2017,0,NIT
Kennesaw St.,2017,0,NIT
Eastern Kentucky,2017,0,NIT
Oregon St.,2017,0,NIT
Northern Colorado,2017,0,NIT
Cornell,2017,0,NIT
Milwaukee,2017,0,NIT
FIU,2017,0,NIT
San Diego,2017,0,NIT
USC Upstate,2017,0,NIT
Campbell,2017,0,NIT
Portland,2017,0,NIT
Fairleigh Dickinson,2017,0,NIT
Tennessee Tech,2017,0,NIT
Niagara,2017,0,NIT
High Point,2017,0,NIT
South Florida,2017,0,NIT
Delaware,2017,0,NIT
Florida Atlantic,2017,0,NIT
Cal Poly,2017,0,NIT
Abilene Christian,2017,0,NIT
Brown,2017,0,NIT
Colgate,2017,0,NIT
Cal St. Northridge,2017,0,NIT
Jacksonville,2017,0,NIT
The Citadel,2017,0,NIT
Detroit,2017,0,NIT
Sacramento St.,2017,0,NIT
Pepperdine,2017,0,NIT
Bryant,2017,0,NIT
Sacred Heart,2017,0,NIT
NJIT,2017,0,NIT
Western Illinois,2017,0,NIT
Youngstown St.,2017,0,NIT
Miami OH,2017,0,NIT
Marist,2017,0,NIT
Austin Peay,2017,0,NIT
Manhattan,2017,0,NIT
Quinnipiac,2017,0,NIT
Nicholls St.,2017,0,NIT
UMass Lowell,2017,0,NIT
UT Rio Grande Valley,2017,0,NIT
Northwestern St.,2017,0,NIT
UC Riverside,2017,0,NIT
Norfolk St.,2017,0,NIT
Dartmouth,2017,0,NIT
Incarnate Word,2017,0,NIT
Radford,2017,0,NIT
Alcorn St.,2017,0,NIT
American,2017,0,NIT
Charleston Southern,2017,0,NIT
Central Arkansas,2017,0,NIT
North Texas,2017,0,NIT
Prairie View A&M,2017,0,NIT
SIU Edwardsville,2017,0,NIT
Stetson,2017,0,NIT
Savannah St.,2017,0,NIT
Morgan St.,2017,0,NIT
McNeese St.,2017,0,NIT
Binghamton,2017,0,NIT
UC Santa Barbara,2017,0,NIT
Northern Arizona,2017,0,NIT
Hampton,2017,0,NIT
Western Carolina,2017,0,NIT
VMI,2017,0,NIT
Maryland Eastern Shore,2017,0,NIT
Idaho St.,2017,0,NIT
Lafayette,2017,0,NIT
Southern Utah,2017,0,NIT
Jackson St.,2017,0,NIT
Southern Miss,2017,0,NIT
Southern,2017,0,NIT
Grambling St.,2017,0,NIT
Hartford,2017,0,NIT
Bethune Cookman,2017,0,NIT
Maine,2017,0,NIT
Delaware St.,2017,0,NIT
South Carolina St.,2017,0,NIT
Chicago St.,2017,0,NIT
Howard,2017,0,NIT
Central Connecticut,2017,0,NIT
Mississippi Valley St.,2017,0,NIT
Florida A&M,2017,0,NIT
Alabama St.,2017,0,NIT
Coppin St.,2017,0,NIT
St. Francis NY,2017,0,NIT
Longwood,2017,0,NIT
North Carolina A&T,2017,0,NIT
Arkansas Pine Bluff,2017,0,NIT
Presbyterian,2017,0,NIT
Alabama A&M,2017,0,NIT
Villanova,2018,16,CHMP
Virginia,2018,16,R64
Duke,2018,15,E8
Purdue,2018,15,S16
Cincinnati,2018,15,R32
Kansas,2018,16,F4
Michigan,2018,14,F2
West Virginia,2018,12,S16
Michigan St.,2018,14,R32
North Carolina,2018,15,R32
Tennessee,2018,14,R32
Xavier,2018,16,R32
Gonzaga,2018,13,S16
Texas Tech,2018,14,E8
Ohio St.,2018,12,R32
Penn St.,2018,0,NIT
Florida,2018,11,R32
Houston,2018,11,R32
Butler,2018,7,R32
Kentucky,2018,12,S16
Clemson,2018,12,S16
Seton Hall,2018,9,R32
Creighton,2018,9,R64
TCU,2018,11,R64
Auburn,2018,13,R32
Wichita St.,2018,13,R64
Texas A&M,2018,10,S16
Florida St.,2018,8,E8
Miami FL,2018,11,R64
Kansas St.,2018,8,E8
Virginia Tech,2018,9,R64
Texas,2018,7,R64
Maryland,2018,0,NIT
Arizona,2018,13,R64
Oklahoma St.,2018,0,NIT
San Diego St.,2018,6,R64
Louisville,2018,0,NIT
Arkansas,2018,10,R64
Saint Mary's,2018,0,NIT
Nevada,2018,10,S16
Loyola Chicago,2018,6,F4
Marquette,2018,0,NIT
Baylor,2018,0,NIT
USC,2018,0,NIT
Missouri,2018,9,R64
Oklahoma,2018,7,R64
Syracuse,2018,6,S16
Mississippi St.,2018,0,NIT
Nebraska,2018,0,NIT
Notre Dame,2018,0,NIT
Davidson,2018,5,R64
North Carolina St.,2018,8,R64
Middle Tennessee,2018,0,NIT
Utah,2018,0,NIT
Arizona St.,2018,6,R64
Boise St.,2018,0,NIT
Alabama,2018,8,R32
Western Kentucky,2018,0,NIT
UCLA,2018,6,R64
Providence,2018,7,R64
Georgia,2018,0,NIT
South Dakota St.,2018,5,R64
Rhode Island,2018,10,R32
New Mexico St.,2018,5,R64
Old Dominion,2018,0,NIT
Louisiana Lafayette,2018,0,NIT
St. John's,2018,0,NIT
Buffalo,2018,4,R32
LSU,2018,0,NIT
Georgetown,2018,0,NIT
Indiana,2018,0,NIT
Fresno St.,2018,0,NIT
Wisconsin,2018,0,NIT
South Carolina,2018,0,NIT
Northwestern,2018,0,NIT
Oregon,2018,0,NIT
St. Bonaventure,2018,6,R64
South Dakota,2018,0,NIT
Murray St.,2018,5,R64
Boston College,2018,0,NIT
Stanford,2018,0,NIT
Illinois,2018,0,NIT
Iowa St.,2018,0,NIT
Wake Forest,2018,0,NIT
BYU,2018,0,NIT
Belmont,2018,0,NIT
UNC Greensboro,2018,4,R64
Iowa,2018,0,NIT
Montana,2018,3,R64
Vanderbilt,2018,0,NIT
Temple,2018,0,NIT
DePaul,2018,0,NIT
Northern Kentucky,2018,0,NIT
SMU,2018,0,NIT
Furman,2018,0,NIT
Georgia St.,2018,2,R64
Washington,2018,0,NIT
Tulsa,2018,0,NIT
Stephen F. Austin,2018,3,R64
Utah Valley,2018,0,NIT
New Mexico,2018,0,NIT
Bucknell,2018,3,R64
Vermont,2018,0,NIT
Northern Colorado,2018,0,NIT
Northern Iowa,2018,0,NIT
Oregon St.,2018,0,NIT
Northeastern,2018,0,NIT
Minnesota,2018,0,NIT
Mississippi,2018,0,NIT
East Tennessee St.,2018,0,NIT
Penn,2018,1,R64
UNLV,2018,0,NIT
Marshall,2018,4,R32
Colorado,2018,0,NIT
Grand Canyon,2018,0,NIT
UAB,2018,0,NIT
Georgia Tech,2018,0,NIT
San Diego,2018,0,NIT
Saint Joseph's,2018,0,NIT
Missouri St.,2018,0,NIT
Toledo,2018,0,NIT
UCF,2018,0,NIT
Bradley,2018,0,NIT
Eastern Washington,2018,0,NIT
UC Santa Barbara,2018,0,NIT
Wyoming,2018,0,NIT
Rutgers,2018,0,NIT
UT Arlington,2018,0,NIT
Harvard,2018,0,NIT
La Salle,2018,0,NIT
VCU,2018,0,NIT
North Texas,2018,0,NIT
Florida Gulf Coast,2018,0,NIT
UC Davis,2018,0,NIT
College of Charleston,2018,4,R64
Evansville,2018,0,NIT
Wright St.,2018,3,R64
Utah St.,2018,0,NIT
Eastern Michigan,2018,0,NIT
UC Irvine,2018,0,NIT
Saint Louis,2018,0,NIT
Illinois St.,2018,0,NIT
Louisiana Tech,2018,0,NIT
Indiana St.,2018,0,NIT
Drake,2018,0,NIT
San Francisco,2018,0,NIT
Southern Illinois,2018,0,NIT
Memphis,2018,0,NIT
Canisius,2018,0,NIT
Dayton,2018,0,NIT
Lipscomb,2018,2,R64
Albany,2018,0,NIT
Idaho,2018,0,NIT
Iona,2018,2,R64
Rider,2018,0,NIT
UTSA,2018,0,NIT
Georgia Southern,2018,0,NIT
Jacksonville St.,2018,0,NIT
Hofstra,2018,0,NIT
Mercer,2018,0,NIT
Wofford,2018,0,NIT
Valparaiso,2018,0,NIT
Central Michigan,2018,0,NIT
UMBC,2018,1,R32
George Washington,2018,0,NIT
Portland St.,2018,0,NIT
Oakland,2018,0,NIT
William & Mary,2018,0,NIT
Ball St.,2018,0,NIT
Weber St.,2018,0,NIT
Tulane,2018,0,NIT
Cal St. Fullerton,2018,2,R64
Pacific,2018,0,NIT
Richmond,2018,0,NIT
Seattle,2018,0,NIT
Austin Peay,2018,0,NIT
Princeton,2018,0,NIT
Troy,2018,0,NIT
Ohio,2018,0,NIT
Fort Wayne,2018,0,NIT
Towson,2018,0,NIT
UNC Asheville,2018,0,NIT
Radford,2018,1,R64
Connecticut,2018,0,NIT
North Dakota St.,2018,0,NIT
Monmouth,2018,0,NIT
Winthrop,2018,0,NIT
Illinois Chicago,2018,0,NIT
Miami OH,2018,0,NIT
Liberty,2018,0,NIT
Washington St.,2018,0,NIT
Duquesne,2018,0,NIT
Nicholls St.,2018,0,NIT
Southeastern Louisiana,2018,0,NIT
Hawaii,2018,0,NIT
Western Michigan,2018,0,NIT
Yale,2018,0,NIT
Wagner,2018,0,NIT
Long Beach St.,2018,0,NIT
Massachusetts,2018,0,NIT
Southern Miss,2018,0,NIT
Denver,2018,0,NIT
Milwaukee,2018,0,NIT
Colgate,2018,0,NIT
Appalachian St.,2018,0,NIT
Idaho St.,2018,0,NIT
FIU,2018,0,NIT
Lamar,2018,0,NIT
Kent St.,2018,0,NIT
George Mason,2018,0,NIT
Coastal Carolina,2018,0,NIT
Texas St.,2018,0,NIT
Louisiana Monroe,2018,0,NIT
South Alabama,2018,0,NIT
Fairfield,2018,0,NIT
Columbia,2018,0,NIT
Tennessee St.,2018,0,NIT
Colorado St.,2018,0,NIT
Stony Brook,2018,0,NIT
Akron,2018,0,NIT
Sam Houston St.,2018,0,NIT
Saint Peter's,2018,0,NIT
Hartford,2018,0,NIT
Campbell,2018,0,NIT
Air Force,2018,0,NIT
Pittsburgh,2018,0,NIT
Tennessee Tech,2018,0,NIT
Navy,2018,0,NIT
Central Arkansas,2018,0,NIT
Lehigh,2018,0,NIT
Manhattan,2018,0,NIT
Niagara,2018,0,NIT
James Madison,2018,0,NIT
St. Francis PA,2018,0,NIT
NJIT,2018,0,NIT
Bowling Green,2018,0,NIT
Loyola Marymount,2018,0,NIT
UNC Wilmington,2018,0,NIT
Delaware,2018,0,NIT
Cal St. Bakersfield,2018,0,NIT
California,2018,0,NIT
UTEP,2018,0,NIT
Mount St. Mary's,2018,0,NIT
Pepperdine,2018,0,NIT
Oral Roberts,2018,0,NIT
Eastern Illinois,2018,0,NIT
Florida Atlantic,2018,0,NIT
North Dakota,2018,0,NIT
Cornell,2018,0,NIT
Southern Utah,2018,0,NIT
Charleston Southern,2018,0,NIT
Gardner Webb,2018,0,NIT
Hampton,2018,0,NIT
Drexel,2018,0,NIT
Boston University,2018,0,NIT
Elon,2018,0,NIT
Southeast Missouri St.,2018,0,NIT
LIU Brooklyn,2018,1,R64
Texas Southern,2018,1,R64
High Point,2018,0,NIT
Brown,2018,0,NIT
Montana St.,2018,0,NIT
Green Bay,2018,0,NIT
Portland,2018,0,NIT
Northern Illinois,2018,0,NIT
South Florida,2018,0,NIT
UMKC,2018,0,NIT
New Hampshire,2018,0,NIT
Arkansas St.,2018,0,NIT
Army,2018,0,NIT
Robert Morris,2018,0,NIT
Rice,2018,0,NIT
Holy Cross,2018,0,NIT
Santa Clara,2018,0,NIT
UMass Lowell,2018,0,NIT
North Florida,2018,0,NIT
Western Illinois,2018,0,NIT
Quinnipiac,2018,0,NIT
Prairie View A&M,2018,0,NIT
Abilene Christian,2018,0,NIT
IUPUI,2018,0,NIT
Lafayette,2018,0,NIT
Fairleigh Dickinson,2018,0,NIT
Eastern Kentucky,2018,0,NIT
UT Rio Grande Valley,2018,0,NIT
Nebraska Omaha,2018,0,NIT
Morehead St.,2018,0,NIT
Cleveland St.,2018,0,NIT
Fordham,2018,0,NIT
New Orleans,2018,0,NIT
UC Riverside,2018,0,NIT
McNeese St.,2018,0,NIT
Tennessee Martin,2018,0,NIT
San Jose St.,2018,0,NIT
Sacramento St.,2018,0,NIT
Samford,2018,0,NIT
Siena,2018,0,NIT
Little Rock,2018,0,NIT
Bethune Cookman,2018,0,NIT
Binghamton,2018,0,NIT
SIU Edwardsville,2018,0,NIT
Dartmouth,2018,0,NIT
East Carolina,2018,0,NIT
Youngstown St.,2018,0,NIT
Central Connecticut,2018,0,NIT
Sacred Heart,2018,0,NIT
Chattanooga,2018,0,NIT
Marist,2018,0,NIT
St. Francis NY,2018,0,NIT
The Citadel,2018,0,NIT
Kennesaw St.,2018,0,NIT
Stetson,2018,0,NIT
Western Carolina,2018,0,NIT
Grambling St.,2018,0,NIT
Norfolk St.,2018,0,NIT
Charlotte,2018,0,NIT
Savannah St.,2018,0,NIT
Detroit,2018,0,NIT
Loyola MD,2018,0,NIT
American,2018,0,NIT
Texas A&M Corpus Chris,2018,0,NIT
Jacksonville,2018,0,NIT
North Carolina A&T,2018,0,NIT
North Carolina Central,2018,1,R64
Cal St. Northridge,2018,0,NIT
Houston Baptist,2018,0,NIT
Morgan St.,2018,0,NIT
Southern,2018,0,NIT
USC Upstate,2018,0,NIT
Maine,2018,0,NIT
Cal Poly,2018,0,NIT
Northern Arizona,2018,0,NIT
Arkansas Pine Bluff,2018,0,NIT
Presbyterian,2018,0,NIT
VMI,2018,0,NIT
Incarnate Word,2018,0,NIT
Alcorn St.,2018,0,NIT
Jackson St.,2018,0,NIT
Howard,2018,0,NIT
Bryant,2018,0,NIT
Longwood,2018,0,NIT
Alabama St.,2018,0,NIT
South Carolina St.,2018,0,NIT
Chicago St.,2018,0,NIT
Northwestern St.,2018,0,NIT
Florida A&M,2018,0,NIT
Coppin St.,2018,0,NIT
Mississippi Valley St.,2018,0,NIT
Maryland Eastern Shore,2018,0,NIT
Alabama A&M,2018,0,NIT
Delaware St.,2018,0,NIT
Gonzaga,2019,16,E8
Virginia,2019,16,CHMP
Texas Tech,2019,14,F2
Michigan,2019,15,S16
Duke,2019,16,E8
Michigan St.,2019,15,F4
North Carolina,2019,16,S16
Kentucky,2019,15,E8
Purdue,2019,14,E8
Tennessee,2019,15,S16
Houston,2019,14,S16
Auburn,2019,12,F4
Virginia Tech,2019,13,S16
Kansas St.,2019,13,R64
Florida St.,2019,13,S16
Iowa St.,2019,11,R64
Kansas,2019,13,R32
LSU,2019,14,S16
Wisconsin,2019,12,R64
Louisville,2019,10,R64
UCF,2019,8,R32
Texas,2019,0,NIT
Mississippi St.,2019,12,R64
Florida,2019,7,R32
Wofford,2019,10,R32
Cincinnati,2019,10,R64
VCU,2019,9,R64
Maryland,2019,11,R32
Buffalo,2019,11,R32
Clemson,2019,0,NIT
Oklahoma,2019,8,R32
Penn St.,2019,0,NIT
Oregon,2019,5,S16
Saint Mary's,2019,6,R64
Nevada,2019,10,R64
Syracuse,2019,9,R64
Marquette,2019,12,R64
TCU,2019,0,NIT
Villanova,2019,11,R32
Mississippi,2019,9,R64
Baylor,2019,8,R32
Utah St.,2019,9,R64
North Carolina St.,2019,0,NIT
Iowa,2019,7,R32
Ohio St.,2019,6,R32
Nebraska,2019,0,NIT
Minnesota,2019,7,R32
Creighton,2019,0,NIT
New Mexico St.,2019,5,R64
Belmont,2019,6,R64
Washington,2019,8,R32
Arkansas,2019,0,NIT
Indiana,2019,0,NIT
Memphis,2019,0,NIT
Lipscomb,2019,0,NIT
Missouri,2019,0,NIT
Wichita St.,2019,0,NIT
Dayton,2019,0,NIT
Murray St.,2019,5,R32
Temple,2019,6,R64
Alabama,2019,0,NIT
Furman,2019,0,NIT
South Carolina,2019,0,NIT
Arizona St.,2019,6,R64
Seton Hall,2019,7,R64
Xavier,2019,0,NIT
Toledo,2019,0,NIT
Miami FL,2019,0,NIT
Colorado,2019,0,NIT
Illinois,2019,0,NIT
UC Irvine,2019,4,R32
Liberty,2019,5,R32
Providence,2019,0,NIT
San Francisco,2019,0,NIT
Vermont,2019,4,R64
Butler,2019,0,NIT
Rutgers,2019,0,NIT
Northwestern,2019,0,NIT
USC,2019,0,NIT
Fresno St.,2019,0,NIT
Oklahoma St.,2019,0,NIT
Yale,2019,3,R64
Texas A&M,2019,0,NIT
St. John's,2019,6,R64
West Virginia,2019,0,NIT
SMU,2019,0,NIT
Davidson,2019,0,NIT
Utah,2019,0,NIT
Notre Dame,2019,0,NIT
San Diego,2019,0,NIT
BYU,2019,0,NIT
South Dakota St.,2019,0,NIT
Georgia Southern,2019,0,NIT
Penn,2019,0,NIT
Arizona,2019,0,NIT
Connecticut,2019,0,NIT
South Florida,2019,0,NIT
Northeastern,2019,4,R64
Northern Kentucky,2019,3,R64
UNC Greensboro,2019,0,NIT
Oregon St.,2019,0,NIT
UCLA,2019,0,NIT
Wright St.,2019,0,NIT
St. Bonaventure,2019,0,NIT
Loyola Chicago,2019,0,NIT
Georgetown,2019,0,NIT
East Tennessee St.,2019,0,NIT
Saint Louis,2019,4,R64
Hofstra,2019,0,NIT
Akron,2019,0,NIT
Harvard,2019,0,NIT
San Diego St.,2019,0,NIT
Southern Miss,2019,0,NIT
Georgia St.,2019,3,R64
Tulsa,2019,0,NIT
Bowling Green,2019,0,NIT
Boise St.,2019,0,NIT
Grand Canyon,2019,0,NIT
Drake,2019,0,NIT
Pittsburgh,2019,0,NIT
Old Dominion,2019,3,R64
DePaul,2019,0,NIT
Austin Peay,2019,0,NIT
Georgia,2019,0,NIT
Loyola Marymount,2019,0,NIT
Utah Valley,2019,0,NIT
Western Kentucky,2019,0,NIT
Boston College,2019,0,NIT
Jacksonville St.,2019,0,NIT
Georgia Tech,2019,0,NIT
College of Charleston,2019,0,NIT
Central Michigan,2019,0,NIT
Stanford,2019,0,NIT
Colgate,2019,2,R64
Rhode Island,2019,0,NIT
Montana,2019,2,R64
Ball St.,2019,0,NIT
Radford,2019,0,NIT
Kent St.,2019,0,NIT
Louisiana Monroe,2019,0,NIT
Texas St.,2019,0,NIT
UTSA,2019,0,NIT
Coastal Carolina,2019,0,NIT
Samford,2019,0,NIT
Northern Illinois,2019,0,NIT
UT Arlington,2019,0,NIT
Pepperdine,2019,0,NIT
Miami OH,2019,0,NIT
Brown,2019,0,NIT
Louisiana Tech,2019,0,NIT
UAB,2019,0,NIT
Bucknell,2019,0,NIT
Bradley,2019,2,R64
Abilene Christian,2019,2,R64
Richmond,2019,0,NIT
Florida Atlantic,2019,0,NIT
Saint Joseph's,2019,0,NIT
Wake Forest,2019,0,NIT
North Texas,2019,0,NIT
Louisiana Lafayette,2019,0,NIT
Vanderbilt,2019,0,NIT
Eastern Michigan,2019,0,NIT
Oakland,2019,0,NIT
Southern Illinois,2019,0,NIT
Northern Colorado,2019,0,NIT
Marshall,2019,0,NIT
Gardner Webb,2019,1,R64
Fort Wayne,2019,0,NIT
Seattle,2019,0,NIT
Princeton,2019,0,NIT
Northern Iowa,2019,0,NIT
Sam Houston St.,2019,0,NIT
Lehigh,2019,0,NIT
Duquesne,2019,0,NIT
Charleston Southern,2019,0,NIT
Missouri St.,2019,0,NIT
UNLV,2019,0,NIT
Illinois Chicago,2019,0,NIT
Nebraska Omaha,2019,0,NIT
George Mason,2019,0,NIT
Green Bay,2019,0,NIT
Colorado St.,2019,0,NIT
North Florida,2019,0,NIT
Hampton,2019,0,NIT
American,2019,0,NIT
Presbyterian,2019,0,NIT
Campbell,2019,0,NIT
Stony Brook,2019,0,NIT
Winthrop,2019,0,NIT
Santa Clara,2019,0,NIT
New Mexico,2019,0,NIT
North Dakota St.,2019,1,R64
Ohio,2019,0,NIT
Cal Baptist,2019,0,NIT
UC Santa Barbara,2019,0,NIT
Appalachian St.,2019,0,NIT
La Salle,2019,0,NIT
UT Rio Grande Valley,2019,0,NIT
IUPUI,2019,0,NIT
Mercer,2019,0,NIT
Indiana St.,2019,0,NIT
Iona,2019,1,R64
Hartford,2019,0,NIT
Columbia,2019,0,NIT
Hawaii,2019,0,NIT
Dartmouth,2019,0,NIT
Prairie View A&M,2019,1,R64
FIU,2019,0,NIT
South Alabama,2019,0,NIT
Lamar,2019,0,NIT
Illinois St.,2019,0,NIT
Washington St.,2019,0,NIT
NJIT,2019,0,NIT
California,2019,0,NIT
Rider,2019,0,NIT
Pacific,2019,0,NIT
William & Mary,2019,0,NIT
South Dakota,2019,0,NIT
Florida Gulf Coast,2019,0,NIT
Valparaiso,2019,0,NIT
Cornell,2019,0,NIT
Weber St.,2019,0,NIT
High Point,2019,0,NIT
Fairleigh Dickinson,2019,1,R64
Cal St. Fullerton,2019,0,NIT
Long Beach St.,2019,0,NIT
Cal St. Bakersfield,2019,0,NIT
Boston University,2019,0,NIT
Texas Southern,2019,0,NIT
Massachusetts,2019,0,NIT
Detroit,2019,0,NIT
Little Rock,2019,0,NIT
Eastern Washington,2019,0,NIT
Arkansas St.,2019,0,NIT
Army,2019,0,NIT
Siena,2019,0,NIT
Air Force,2019,0,NIT
Middle Tennessee,2019,0,NIT
Marist,2019,0,NIT
Southeastern Louisiana,2019,0,NIT
Eastern Kentucky,2019,0,NIT
Chattanooga,2019,0,NIT
Quinnipiac,2019,0,NIT
UMBC,2019,0,NIT
East Carolina,2019,0,NIT
UMKC,2019,0,NIT
Holy Cross,2019,0,NIT
Fordham,2019,0,NIT
St. Francis PA,2019,0,NIT
Western Michigan,2019,0,NIT
Youngstown St.,2019,0,NIT
Troy,2019,0,NIT
North Dakota,2019,0,NIT
LIU Brooklyn,2019,0,NIT
UC Davis,2019,0,NIT
Rice,2019,0,NIT
Evansville,2019,0,NIT
Cal St. Northridge,2019,0,NIT
The Citadel,2019,0,NIT
Sacred Heart,2019,0,NIT
Norfolk St.,2019,0,NIT
Morehead St.,2019,0,NIT
Delaware,2019,0,NIT
Longwood,2019,0,NIT
Tulane,2019,0,NIT
Navy,2019,0,NIT
Southern Utah,2019,0,NIT
Loyola MD,2019,0,NIT
Oral Roberts,2019,0,NIT
UNC Wilmington,2019,0,NIT
Albany,2019,0,NIT
Milwaukee,2019,0,NIT
St. Francis NY,2019,0,NIT
Cleveland St.,2019,0,NIT
Grambling St.,2019,0,NIT
New Orleans,2019,0,NIT
Tennessee Martin,2019,0,NIT
Fairfield,2019,0,NIT
Montana St.,2019,0,NIT
Drexel,2019,0,NIT
Robert Morris,2019,0,NIT
Houston Baptist,2019,0,NIT
Canisius,2019,0,NIT
Jacksonville,2019,0,NIT
George Washington,2019,0,NIT
Portland St.,2019,0,NIT
Western Carolina,2019,0,NIT
Towson,2019,0,NIT
Sacramento St.,2019,0,NIT
James Madison,2019,0,NIT
North Carolina Central,2019,1,R64
Western Illinois,2019,0,NIT
Monmouth,2019,0,NIT
UMass Lowell,2019,0,NIT
Texas A&M Corpus Chris,2019,0,NIT
Elon,2019,0,NIT
VMI,2019,0,NIT
Eastern Illinois,2019,0,NIT
North Alabama,2019,0,NIT
North Carolina A&T,2019,0,NIT
Tennessee St.,2019,0,NIT
Nicholls St.,2019,0,NIT
Howard,2019,0,NIT
Lafayette,2019,0,NIT
Central Arkansas,2019,0,NIT
Bethune Cookman,2019,0,NIT
UTEP,2019,0,NIT
Northern Arizona,2019,0,NIT
Niagara,2019,0,NIT
Wyoming,2019,0,NIT
Idaho St.,2019,0,NIT
Denver,2019,0,NIT
Saint Peter's,2019,0,NIT
Charlotte,2019,0,NIT
Southeast Missouri St.,2019,0,NIT
Wagner,2019,0,NIT
Mount St. Mary's,2019,0,NIT
Florida A&M,2019,0,NIT
Stephen F. Austin,2019,0,NIT
Jackson St.,2019,0,NIT
UC Riverside,2019,0,NIT
Portland,2019,0,NIT
Bryant,2019,0,NIT
Manhattan,2019,0,NIT
Binghamton,2019,0,NIT
Central Connecticut,2019,0,NIT
SIU Edwardsville,2019,0,NIT
Stetson,2019,0,NIT
Arkansas Pine Bluff,2019,0,NIT
Tennessee Tech,2019,0,NIT
McNeese St.,2019,0,NIT
Southern,2019,0,NIT
Cal Poly,2019,0,NIT
Alabama St.,2019,0,NIT
Maine,2019,0,NIT
Kennesaw St.,2019,0,NIT
USC Upstate,2019,0,NIT
South Carolina St.,2019,0,NIT
Morgan St.,2019,0,NIT
San Jose St.,2019,0,NIT
Incarnate Word,2019,0,NIT
Northwestern St.,2019,0,NIT
Savannah St.,2019,0,NIT
Coppin St.,2019,0,NIT
UNC Asheville,2019,0,NIT
Idaho,2019,0,NIT
Alabama A&M,2019,0,NIT
Mississippi Valley St.,2019,0,NIT
Alcorn St.,2019,0,NIT
New Hampshire,2019,0,NIT
Chicago St.,2019,0,NIT
Delaware St.,2019,0,NIT
Maryland Eastern Shore,2019,0,NIT
Kansas,2020,16,CHMP
Baylor,2020,16,F2
Gonzaga,2020,16,F4
Dayton,2020,16,F4
Michigan St.,2020,14,S16
Duke,2020,14,S16
Creighton,2020,15,E8
Ohio St.,2020,12,R32
San Diego St.,2020,15,E8
Louisville,2020,13,S16
Villanova,2020,14,S16
Arizona,2020,10,R32
Houston,2020,9,R32
Michigan,2020,12,R32
Penn St.,2020,11,R32
West Virginia,2020,10,R32
BYU,2020,11,R32
Oregon,2020,13,S16
Wisconsin,2020,13,S16
Florida St.,2020,15,E8
Seton Hall,2020,14,S16
Texas Tech,2020,7,R64
Purdue,2020,0,NIT
Butler,2020,12,R32
Providence,2020,10,R32
Maryland,2020,13,S16
Minnesota,2020,0,NIT
Kentucky,2020,15,E8
Illinois,2020,10,R32
Rutgers,2020,8,R64
Iowa,2020,11,R32
Florida,2020,8,R64
Marquette,2020,8,R64
Virginia,2020,11,R32
Wichita St.,2020,0,NIT
Indiana,2020,6,R64
Oklahoma,2020,8,R64
Utah St.,2020,7,R64
Auburn,2020,12,R32
Xavier,2020,0,NIT
Saint Mary's,2020,9,R32
Colorado,2020,9,R32
LSU,2020,9,R32
Syracuse,2020,0,NIT
Stanford,2020,0,NIT
North Carolina St.,2020,6,R64
Richmond,2020,5,R64
Cincinnati,2020,6,R64
Mississippi St.,2020,0,NIT
Saint Louis,2020,0,NIT
Georgia Tech,2020,0,NIT
Arkansas,2020,0,NIT
Oklahoma St.,2020,0,NIT
Washington,2020,0,NIT
Notre Dame,2020,0,NIT
Connecticut,2020,0,NIT
USC,2020,7,R64
St. John's,2020,0,NIT
Arizona St.,2020,7,R64
Alabama,2020,0,NIT
Tennessee,2020,0,NIT
South Carolina,2020,0,NIT
Memphis,2020,0,NIT
Northern Iowa,2020,0,NIT
Rhode Island,2020,0,NIT
San Francisco,2020,0,NIT
VCU,2020,0,NIT
Texas,2020,5,R64
North Texas,2020,4,R64
Davidson,2020,0,NIT
UCLA,2020,6,R64
Clemson,2020,0,NIT
Louisiana Tech,2020,0,NIT
Yale,2020,5,R64
Tulsa,2020,0,NIT
Georgetown,2020,0,NIT
East Tennessee St.,2020,6,R64
North Carolina,2020,0,NIT
Liberty,2020,5,R64
Nevada,2020,0,NIT
Texas St.,2020,0,NIT
SMU,2020,0,NIT
Akron,2020,4,R64
Oregon St.,2020,0,NIT
New Mexico St.,2020,4,R64
Furman,2020,0,NIT
TCU,2020,0,NIT
Georgia,2020,0,NIT
Vermont,2020,4,R64
Iowa St.,2020,0,NIT
Duquesne,2020,0,NIT
Kansas St.,2020,0,NIT
Northern Colorado,2020,0,NIT
UNC Greensboro,2020,0,NIT
Loyola Chicago,2020,0,NIT
DePaul,2020,0,NIT
UNLV,2020,0,NIT
Boise St.,2020,0,NIT
Belmont,2020,3,R64
Missouri,2020,0,NIT
Wake Forest,2020,0,NIT
Miami FL,2020,0,NIT
Mississippi,2020,0,NIT
Stephen F. Austin,2020,5,R64
UCF,2020,0,NIT
Hofstra,2020,3,R64
Ball St.,2020,0,NIT
Bradley,2020,3,R64
South Florida,2020,0,NIT
Indiana St.,2020,0,NIT
Utah,2020,0,NIT
Harvard,2020,0,NIT
Colorado St.,2020,0,NIT
UC Irvine,2020,2,R64
Pacific,2020,0,NIT
Northwestern,2020,0,NIT
Western Kentucky,2020,0,NIT
Virginia Tech,2020,0,NIT
Washington St.,2020,0,NIT
Missouri St.,2020,0,NIT
Northeastern,2020,0,NIT
Wright St.,2020,0,NIT
Pittsburgh,2020,0,NIT
St. Bonaventure,2020,0,NIT
Temple,2020,0,NIT
Murray St.,2020,0,NIT
North Dakota St.,2020,2,R64
Pepperdine,2020,0,NIT
Texas A&M,2020,0,NIT
Kent St.,2020,0,NIT
Georgia St.,2020,0,NIT
Penn,2020,0,NIT
South Dakota St.,2020,0,NIT
Abilene Christian,2020,0,NIT
UT Arlington,2020,0,NIT
Santa Clara,2020,0,NIT
Colgate,2020,0,NIT
Little Rock,2020,2,R64
Princeton,2020,0,NIT
Chattanooga,2020,0,NIT
Montana,2020,0,NIT
FIU,2020,0,NIT
California,2020,0,NIT
Buffalo,2020,0,NIT
Siena,2020,1,R64
Marshall,2020,0,NIT
Towson,2020,0,NIT
Georgia Southern,2020,0,NIT
Ohio,2020,0,NIT
Eastern Washington,2020,3,R64
Wofford,2020,0,NIT
Drake,2020,0,NIT
New Mexico,2020,0,NIT
North Florida,2020,0,NIT
Oral Roberts,2020,0,NIT
Vanderbilt,2020,0,NIT
Delaware,2020,0,NIT
Nebraska,2020,0,NIT
Bowling Green,2020,0,NIT
Austin Peay,2020,0,NIT
Southern Illinois,2020,0,NIT
Charlotte,2020,0,NIT
Fresno St.,2020,0,NIT
Old Dominion,2020,0,NIT
South Alabama,2020,0,NIT
Toledo,2020,0,NIT
Boston College,2020,0,NIT
Valparaiso,2020,0,NIT
Winthrop,2020,1,R64
Portland St.,2020,0,NIT
Western Carolina,2020,0,NIT
College of Charleston,2020,0,NIT
George Mason,2020,0,NIT
Northern Kentucky,2020,2,R64
Boston University,2020,1,R64
Massachusetts,2020,0,NIT
William & Mary,2020,0,NIT
Tulane,2020,0,NIT
UAB,2020,0,NIT
South Dakota,2020,0,NIT
La Salle,2020,0,NIT
UC Santa Barbara,2020,0,NIT
Florida Atlantic,2020,0,NIT
Southern Utah,2020,0,NIT
Nicholls St.,2020,0,NIT
Loyola Marymount,2020,0,NIT
Sacramento St.,2020,0,NIT
Northern Illinois,2020,0,NIT
Mercer,2020,0,NIT
St. Francis PA,2020,0,NIT
Illinois Chicago,2020,0,NIT
Rice,2020,0,NIT
UTEP,2020,0,NIT
Eastern Michigan,2020,0,NIT
Coastal Carolina,2020,0,NIT
Hawaii,2020,0,NIT
American,2020,0,NIT
Air Force,2020,0,NIT
Radford,2020,0,NIT
Illinois St.,2020,0,NIT
Saint Peter's,2020,0,NIT
Dartmouth,2020,0,NIT
Rider,2020,0,NIT
Sam Houston St.,2020,0,NIT
Robert Morris,2020,1,R64
Appalachian St.,2020,0,NIT
UTSA,2020,0,NIT
Monmouth,2020,0,NIT
Brown,2020,0,NIT
Cal Baptist,2020,0,NIT
Seattle,2020,0,NIT
Central Michigan,2020,0,NIT
Sacred Heart,2020,0,NIT
Stony Brook,2020,0,NIT
Lamar,2020,0,NIT
East Carolina,2020,0,NIT
Gardner Webb,2020,0,NIT
UC Riverside,2020,0,NIT
Miami OH,2020,0,NIT
UMKC,2020,0,NIT
Green Bay,2020,0,NIT
Merrimack,2020,0,NIT
Nebraska Omaha,2020,0,NIT
Eastern Illinois,2020,0,NIT
Montana St.,2020,0,NIT
San Diego,2020,0,NIT
George Washington,2020,0,NIT
Lafayette,2020,0,NIT
Iona,2020,0,NIT
Oakland,2020,0,NIT
Southern,2020,0,NIT
Cal St. Northridge,2020,0,NIT
Louisiana Lafayette,2020,0,NIT
UC Davis,2020,0,NIT
Youngstown St.,2020,0,NIT
Northern Arizona,2020,0,NIT
Drexel,2020,0,NIT
Arkansas St.,2020,0,NIT
Wyoming,2020,0,NIT
Fordham,2020,0,NIT
North Dakota,2020,0,NIT
Prairie View A&M,2020,1,R64
Campbell,2020,0,NIT
Hartford,2020,0,NIT
Louisiana Monroe,2020,0,NIT
Western Michigan,2020,0,NIT
Elon,2020,0,NIT
Tennessee St.,2020,0,NIT
Eastern Kentucky,2020,0,NIT
Saint Joseph's,2020,0,NIT
Bryant,2020,0,NIT
Jacksonville,2020,0,NIT
VMI,2020,0,NIT
Lipscomb,2020,0,NIT
Northwestern St.,2020,0,NIT
UT Rio Grande Valley,2020,0,NIT
Southern Miss,2020,0,NIT
Norfolk St.,2020,0,NIT
Jackson St.,2020,0,NIT
Bucknell,2020,0,NIT
Cal St. Bakersfield,2020,0,NIT
Cornell,2020,0,NIT
New Hampshire,2020,0,NIT
Utah Valley,2020,0,NIT
Navy,2020,0,NIT
Army,2020,0,NIT
Grand Canyon,2020,0,NIT
Milwaukee,2020,0,NIT
Fort Wayne,2020,0,NIT
UMBC,2020,0,NIT
McNeese St.,2020,0,NIT
Jacksonville St.,2020,0,NIT
LIU Brooklyn,2020,0,NIT
North Carolina A&T,2020,0,NIT
Stetson,2020,0,NIT
Loyola MD,2020,0,NIT
Canisius,2020,0,NIT
James Madison,2020,0,NIT
Evansville,2020,0,NIT
UMass Lowell,2020,0,NIT
Portland,2020,0,NIT
Quinnipiac,2020,0,NIT
Weber St.,2020,0,NIT
Albany,2020,0,NIT
Central Arkansas,2020,0,NIT
Fairleigh Dickinson,2020,0,NIT
Columbia,2020,0,NIT
NJIT,2020,0,NIT
Lehigh,2020,0,NIT
Cal St. Fullerton,2020,0,NIT
Long Beach St.,2020,0,NIT
Mount St. Mary's,2020,0,NIT
North Alabama,2020,0,NIT
San Jose St.,2020,0,NIT
North Carolina Central,2020,1,R64
Idaho St.,2020,0,NIT
Texas Southern,2020,0,NIT
Manhattan,2020,0,NIT
UNC Asheville,2020,0,NIT
Bethune Cookman,2020,0,NIT
Texas A&M Corpus Chris,2020,0,NIT
Hampton,2020,0,NIT
Middle Tennessee,2020,0,NIT
Detroit,2020,0,NIT
Troy,2020,0,NIT
Grambling St.,2020,0,NIT
Denver,2020,0,NIT
UNC Wilmington,2020,0,NIT
St. Francis NY,2020,0,NIT
Florida Gulf Coast,2020,0,NIT
Florida A&M,2020,0,NIT
Charleston Southern,2020,0,NIT
Morehead St.,2020,0,NIT
Cal Poly,2020,0,NIT
Fairfield,2020,0,NIT
Maine,2020,0,NIT
Niagara,2020,0,NIT
Cleveland St.,2020,0,NIT
Idaho,2020,0,NIT
Marist,2020,0,NIT
Samford,2020,0,NIT
Longwood,2020,0,NIT
New Orleans,2020,0,NIT
USC Upstate,2020,0,NIT
Southeastern Louisiana,2020,0,NIT
The Citadel,2020,0,NIT
Alcorn St.,2020,0,NIT
Morgan St.,2020,0,NIT
Presbyterian,2020,0,NIT
SIU Edwardsville,2020,0,NIT
Wagner,2020,0,NIT
Tennessee Tech,2020,0,NIT
Western Illinois,2020,0,NIT
Houston Baptist,2020,0,NIT
Tennessee Martin,2020,0,NIT
IUPUI,2020,0,NIT
Coppin St.,2020,0,NIT
Binghamton,2020,0,NIT
Southeast Missouri St.,2020,0,NIT
South Carolina St.,2020,0,NIT
Alabama St.,2020,0,NIT
Incarnate Word,2020,0,NIT
High Point,2020,0,NIT
Holy Cross,2020,0,NIT
Central Connecticut,2020,0,NIT
Alabama A&M,2020,0,NIT
Delaware St.,2020,0,NIT
Howard,2020,0,NIT
Arkansas Pine Bluff,2020,0,NIT
Maryland Eastern Shore,2020,0,NIT
Mississippi Valley St.,2020,0,NIT
Kennesaw St.,2020,0,NIT
Chicago St.,2020,0,NIT
Gonzaga,2021,16,F2
Baylor,2021,16,CHMP
Houston,2021,15,F4
Illinois,2021,16,R32
Michigan,2021,16,E8
Iowa,2021,15,R32
USC,2021,11,E8
Colorado,2021,12,R32
Alabama,2021,15,S16
Florida St.,2021,13,S16
Ohio St.,2021,15,R64
Wisconsin,2021,8,R32
Loyola Chicago,2021,9,S16
Villanova,2021,12,S16
Connecticut,2021,10,R64
Texas Tech,2021,11,R32
San Diego St.,2021,11,R64
UCLA,2021,6,F4
Texas,2021,14,R64
West Virginia,2021,14,R32
Virginia,2021,13,R64
LSU,2021,9,R32
Memphis,2021,0,NIT
Creighton,2021,12,S16
BYU,2021,11,R64
Arkansas,2021,14,E8
Tennessee,2021,12,R64
Arizona,2021,0,NIT
Purdue,2021,13,R64
Oregon,2021,10,S16
Kansas,2021,14,R32
Duke,2021,0,NIT
Georgia Tech,2021,8,R64
Maryland,2021,7,R32
St. Bonaventure,2021,8,R64
Oklahoma St.,2021,13,R32
North Carolina,2021,9,R64
Syracuse,2021,6,S16
Florida,2021,10,R32
Oklahoma,2021,9,R32
Missouri,2021,8,R64
Rutgers,2021,7,R32
VCU,2021,7,R64
Clemson,2021,10,R64
Penn St.,2021,0,NIT
Utah St.,2021,6,R64
Kentucky,2021,0,NIT
Mississippi,2021,0,NIT
Utah,2021,0,NIT
Virginia Tech,2021,7,R64
North Carolina St.,2021,0,NIT
Georgetown,2021,5,R64
Oregon St.,2021,5,E8
Saint Louis,2021,0,NIT
Seton Hall,2021,0,NIT
Indiana,2021,0,NIT
Stanford,2021,0,NIT
Providence,2021,0,NIT
Michigan St.,2021,6,R64
Mississippi St.,2021,0,NIT
Xavier,2021,0,NIT
Louisville,2021,0,NIT
Richmond,2021,0,NIT
Marquette,2021,0,NIT
SMU,2021,0,NIT
Minnesota,2021,0,NIT
St. John's,2021,0,NIT
Boise St.,2021,0,NIT
Wichita St.,2021,6,R64
UC Santa Barbara,2021,5,R64
Auburn,2021,0,NIT
Washington St.,2021,0,NIT
Buffalo,2021,0,NIT
Ohio,2021,4,R32
Toledo,2021,0,NIT
Saint Mary's,2021,0,NIT
Northwestern,2021,0,NIT
Davidson,2021,0,NIT
Drake,2021,6,R64
Colgate,2021,3,R64
North Texas,2021,4,R32
Wright St.,2021,0,NIT
Arizona St.,2021,0,NIT
Louisiana Tech,2021,0,NIT
Colorado St.,2021,0,NIT
Notre Dame,2021,0,NIT
Pepperdine,2021,0,NIT
Nebraska,2021,0,NIT
UAB,2021,0,NIT
Western Kentucky,2021,0,NIT
Eastern Washington,2021,3,R64
Dayton,2021,0,NIT
Georgia,2021,0,NIT
Liberty,2021,4,R64
Vanderbilt,2021,0,NIT
Winthrop,2021,5,R64
UCF,2021,0,NIT
Furman,2021,0,NIT
Loyola Marymount,2021,0,NIT
Grand Canyon,2021,2,R64
Pittsburgh,2021,0,NIT
Abilene Christian,2021,3,R32
San Francisco,2021,0,NIT
Nevada,2021,0,NIT
Missouri St.,2021,0,NIT
Massachusetts,2021,0,NIT
Marshall,2021,0,NIT
Belmont,2021,0,NIT
UC Riverside,2021,0,NIT
UC Irvine,2021,0,NIT
Duquesne,2021,0,NIT
Pacific,2021,0,NIT
Rhode Island,2021,0,NIT
California,2021,0,NIT
UNC Greensboro,2021,4,R64
DePaul,2021,0,NIT
TCU,2021,0,NIT
Cincinnati,2021,0,NIT
Akron,2021,0,NIT
South Dakota St.,2021,0,NIT
Butler,2021,0,NIT
Texas A&M,2021,0,NIT
Oral Roberts,2021,2,S16
Indiana St.,2021,0,NIT
UTEP,2021,0,NIT
Temple,2021,0,NIT
South Carolina,2021,0,NIT
Miami FL,2021,0,NIT
George Mason,2021,0,NIT
Tulsa,2021,0,NIT
Kent St.,2021,0,NIT
Santa Clara,2021,0,NIT
Mercer,2021,0,NIT
Morehead St.,2021,3,R64
Iona,2021,2,R64
East Tennessee St.,2021,0,NIT
James Madison,2021,0,NIT
Vermont,2021,0,NIT
Weber St.,2021,0,NIT
Drexel,2021,1,R64
Southern Utah,2021,0,NIT
Kansas St.,2021,0,NIT
Chattanooga,2021,0,NIT
New Mexico St.,2021,0,NIT
Old Dominion,2021,0,NIT
Washington,2021,0,NIT
Wofford,2021,0,NIT
Ball St.,2021,0,NIT
Navy,2021,0,NIT
South Dakota,2021,0,NIT
Georgia St.,2021,0,NIT
UTSA,2021,0,NIT
Wyoming,2021,0,NIT
Florida Atlantic,2021,0,NIT
Tulane,2021,0,NIT
Murray St.,2021,0,NIT
Wake Forest,2021,0,NIT
North Dakota St.,2021,0,NIT
Bowling Green,2021,0,NIT
Jacksonville St.,2021,0,NIT
Boston College,2021,0,NIT
Miami OH,2021,0,NIT
Cal St. Bakersfield,2021,0,NIT
Stephen F. Austin,2021,0,NIT
Bellarmine,2021,0,NIT
Bradley,2021,0,NIT
Texas St.,2021,0,NIT
VMI,2021,0,NIT
Iowa St.,2021,0,NIT
UMBC,2021,0,NIT
UNLV,2021,0,NIT
East Carolina,2021,0,NIT
Northeastern,2021,0,NIT
Northern Iowa,2021,0,NIT
Bryant,2021,0,NIT
Eastern Kentucky,2021,0,NIT
Gardner Webb,2021,0,NIT
Hofstra,2021,0,NIT
Detroit,2021,0,NIT
Fresno St.,2021,0,NIT
Cleveland St.,2021,2,R64
South Florida,2021,0,NIT
San Diego,2021,0,NIT
Sam Houston St.,2021,0,NIT
Hartford,2021,1,R64
Elon,2021,0,NIT
Coastal Carolina,2021,0,NIT
Southern Illinois,2021,0,NIT
Army,2021,0,NIT
Siena,2021,0,NIT
Austin Peay,2021,0,NIT
Utah Valley,2021,0,NIT
Loyola MD,2021,0,NIT
Campbell,2021,0,NIT
Montana,2021,0,NIT
Rice,2021,0,NIT
Saint Joseph's,2021,0,NIT
Valparaiso,2021,0,NIT
Hawaii,2021,0,NIT
Delaware,2021,0,NIT
Louisiana Lafayette,2021,0,NIT
Seattle,2021,0,NIT
Tarleton St.,2021,0,NIT
La Salle,2021,0,NIT
Cal Baptist,2021,0,NIT
Norfolk St.,2021,1,R64
Evansville,2021,0,NIT
Wagner,2021,0,NIT
Albany,2021,0,NIT
Illinois St.,2021,0,NIT
UMKC,2021,0,NIT
Northern Kentucky,2021,0,NIT
George Washington,2021,0,NIT
South Alabama,2021,0,NIT
Texas Southern,2021,1,R64
UC Davis,2021,0,NIT
Saint Peter's,2021,0,NIT
Morgan St.,2021,0,NIT
Montana St.,2021,0,NIT
Arkansas St.,2021,0,NIT
Mount St. Mary's,2021,1,R64
Long Beach St.,2021,0,NIT
Oakland,2021,0,NIT
Monmouth,2021,0,NIT
College of Charleston,2021,0,NIT
Nicholls St.,2021,0,NIT
Longwood,2021,0,NIT
Milwaukee,2021,0,NIT
Northern Colorado,2021,0,NIT
Appalachian St.,2021,1,R64
Boston University,2021,0,NIT
Stetson,2021,0,NIT
Lipscomb,2021,0,NIT
Youngstown St.,2021,0,NIT
The Citadel,2021,0,NIT
Prairie View A&M,2021,0,NIT
Stony Brook,2021,0,NIT
Radford,2021,0,NIT
Western Carolina,2021,0,NIT
Green Bay,2021,0,NIT
Samford,2021,0,NIT
Niagara,2021,0,NIT
Portland St.,2021,0,NIT
Lafayette,2021,0,NIT
Marist,2021,0,NIT
UMass Lowell,2021,0,NIT
UC San Diego,2021,0,NIT
UNC Asheville,2021,0,NIT
UT Arlington,2021,0,NIT
Western Michigan,2021,0,NIT
UNC Wilmington,2021,0,NIT
Charlotte,2021,0,NIT
Georgia Southern,2021,0,NIT
Holy Cross,2021,0,NIT
American,2021,0,NIT
Quinnipiac,2021,0,NIT
Cal St. Fullerton,2021,0,NIT
Sacramento St.,2021,0,NIT
Canisius,2021,0,NIT
LIU Brooklyn,2021,0,NIT
Bucknell,2021,0,NIT
Jackson St.,2021,0,NIT
Little Rock,2021,0,NIT
Idaho St.,2021,0,NIT
Coppin St.,2021,0,NIT
IUPUI,2021,0,NIT
Merrimack,2021,0,NIT
Eastern Michigan,2021,0,NIT
Fairleigh Dickinson,2021,0,NIT
New Mexico,2021,0,NIT
Fort Wayne,2021,0,NIT
Southern Miss,2021,0,NIT
Southeast Missouri St.,2021,0,NIT
High Point,2021,0,NIT
New Orleans,2021,0,NIT
North Dakota,2021,0,NIT
Fairfield,2021,0,NIT
Cal St. Northridge,2021,0,NIT
Louisiana Monroe,2021,0,NIT
Middle Tennessee,2021,0,NIT
FIU,2021,0,NIT
New Hampshire,2021,0,NIT
Western Illinois,2021,0,NIT
Manhattan,2021,0,NIT
Central Michigan,2021,0,NIT
Rider,2021,0,NIT
North Alabama,2021,0,NIT
William & Mary,2021,0,NIT
St. Francis NY,2021,0,NIT
UT Rio Grande Valley,2021,0,NIT
Illinois Chicago,2021,0,NIT
Troy,2021,0,NIT
Towson,2021,0,NIT
North Florida,2021,0,NIT
Lamar,2021,0,NIT
Robert Morris,2021,0,NIT
Sacred Heart,2021,0,NIT
Florida Gulf Coast,2021,0,NIT
Binghamton,2021,0,NIT
North Carolina A&T,2021,0,NIT
Air Force,2021,0,NIT
St. Francis PA,2021,0,NIT
Nebraska Omaha,2021,0,NIT
Portland,2021,0,NIT
Eastern Illinois,2021,0,NIT
San Jose St.,2021,0,NIT
Southern,2021,0,NIT
Northwestern St.,2021,0,NIT
Jacksonville,2021,0,NIT
Florida A&M,2021,0,NIT
NJIT,2021,0,NIT
Tennessee Tech,2021,0,NIT
Hampton,2021,0,NIT
Dixie St.,2021,0,NIT
Kennesaw St.,2021,0,NIT
Fordham,2021,0,NIT
Lehigh,2021,0,NIT
Grambling St.,2021,0,NIT
Cal Poly,2021,0,NIT
Northern Arizona,2021,0,NIT
USC Upstate,2021,0,NIT
Tennessee St.,2021,0,NIT
SIU Edwardsville,2021,0,NIT
Central Arkansas,2021,0,NIT
Charleston Southern,2021,0,NIT
Presbyterian,2021,0,NIT
Northern Illinois,2021,0,NIT
Incarnate Word,2021,0,NIT
Maine,2021,0,NIT
McNeese St.,2021,0,NIT
Denver,2021,0,NIT
Howard,2021,0,NIT
Central Connecticut,2021,0,NIT
Alcorn St.,2021,0,NIT
Texas A&M Corpus Chris,2021,0,NIT
Tennessee Martin,2021,0,NIT
Idaho,2021,0,NIT
North Carolina Central,2021,0,NIT
Southeastern Louisiana,2021,0,NIT
Alabama A&M,2021,0,NIT
Houston Baptist,2021,0,NIT
Arkansas Pine Bluff,2021,0,NIT
Delaware St.,2021,0,NIT
Alabama St.,2021,0,NIT
South Carolina St.,2021,0,NIT
Chicago St.,2021,0,NIT
Mississippi Valley St.,2021,0,NIT
